#include "bitmap.h"
#include <pgmspace.h>

const unsigned char Bitmap_local[] PROGMEM = {
    0xff, 0xff, 0xff, 0xff, 0xff, 0xff, 0xff, 0xff, 0xff, 0xff, 0xff, 0xff, 0xff, 0xff, 0xff, 0xff, 0xff, 0xff, 0xff,
    0xff, 0xff, 0xfc, 0x7f, 0xff, 0xff, 0xf0, 0x0f, 0xff, 0xff, 0xe7, 0xe7, 0xff, 0xff, 0xcf, 0xf3, 0xff, 0xff, 0x9f,
    0xf9, 0xff, 0xff, 0xbe, 0x7d, 0xff, 0xff, 0xbc, 0x3d, 0xff, 0xff, 0x39, 0x9c, 0xff, 0xff, 0xb9, 0x9c, 0xff, 0xff,
    0x38, 0x1d, 0xff, 0xff, 0x9e, 0x79, 0xff, 0xff, 0x9f, 0xf9, 0xff, 0xff, 0xcf, 0xf3, 0xff, 0xff, 0xe7, 0xe7, 0xff,
    0xff, 0xe7, 0xe7, 0xff, 0xff, 0xf3, 0xc7, 0xff, 0xff, 0x19, 0x98, 0xff, 0xfc, 0x3c, 0x3c, 0x3f, 0xf8, 0xfe, 0x7f,
    0x9f, 0xfc, 0x7f, 0xfe, 0x3f, 0xfe, 0x00, 0x00, 0x7f, 0xff, 0xe0, 0x0b, 0xff, 0xff, 0xff, 0xff, 0xff, 0xff, 0xff,
    0xff, 0xff, 0xff, 0xff, 0xff, 0xff, 0xff, 0xff, 0xff, 0xff, 0xff, 0xff, 0xff, 0xff};

// '100_fill', 16x16px
const unsigned char Bitmap_100_fill[] PROGMEM = {
    0x00, 0x01, 0x80, 0x00, 0x00, 0x01, 0x80, 0x00, 0x00, 0x01, 0x80, 0x00, 0x00, 0x01, 0x80, 0x00, 0x04, 0x01, 0x80,
    0x20, 0x0e, 0x00, 0x00, 0x70, 0x07, 0x00, 0x00, 0xe0, 0x03, 0x80, 0x01, 0xc0, 0x01, 0x07, 0xe0, 0x80, 0x00, 0x0f,
    0xf0, 0x00, 0x00, 0x3f, 0xfc, 0x00, 0x00, 0x3f, 0xfc, 0x00, 0x00, 0x7f, 0xfe, 0x00, 0x00, 0xff, 0xff, 0x00, 0x00,
    0xff, 0xff, 0x00, 0xf8, 0xff, 0xff, 0x1f, 0xf8, 0xff, 0xff, 0x1f, 0x00, 0xff, 0xff, 0x00, 0x00, 0xff, 0xff, 0x00,
    0x00, 0x7f, 0xfe, 0x00, 0x00, 0x3f, 0xfc, 0x00, 0x00, 0x3f, 0xfc, 0x00, 0x00, 0x0f, 0xf0, 0x00, 0x01, 0x07, 0xe0,
    0x80, 0x03, 0x80, 0x01, 0xc0, 0x07, 0x00, 0x00, 0xe0, 0x0e, 0x00, 0x00, 0x70, 0x04, 0x01, 0x80, 0x20, 0x00, 0x01,
    0x80, 0x00, 0x00, 0x01, 0x80, 0x00, 0x00, 0x01, 0x80, 0x00, 0x00, 0x01, 0x80, 0x00};
// '101_fill', 16x16px
const unsigned char Bitmap_101_fill[] PROGMEM = {
    0x00, 0x60, 0x00, 0x00, 0x00, 0x60, 0x00, 0x00, 0x00, 0x60, 0x30, 0x00, 0x00, 0x20, 0x60, 0x00, 0x00, 0x00, 0x60,
    0x00, 0x20, 0x00, 0x40, 0x00, 0x38, 0x7f, 0x00, 0x00, 0x1c, 0xf7, 0x80, 0x00, 0x01, 0xc1, 0xc0, 0x00, 0x03, 0x80,
    0xe3, 0x80, 0x03, 0x00, 0x67, 0x80, 0x03, 0x00, 0x20, 0x00, 0x02, 0x00, 0x00, 0x00, 0x03, 0x00, 0x00, 0x00, 0xf3,
    0x03, 0xf0, 0x00, 0xf2, 0x0f, 0xfc, 0x00, 0x00, 0x3f, 0xfe, 0x00, 0x00, 0x3f, 0xff, 0x00, 0x00, 0xff, 0xff, 0x80,
    0x0f, 0xff, 0xff, 0xfc, 0x1f, 0xff, 0xff, 0xfe, 0x1f, 0xff, 0xff, 0xfe, 0x3f, 0xff, 0xff, 0xff, 0x3f, 0xff, 0xff,
    0xff, 0x3f, 0xff, 0xff, 0xff, 0x3f, 0xff, 0xff, 0xff, 0x1f, 0xff, 0xff, 0xfe, 0x1f, 0xff, 0xff, 0xfe, 0x07, 0xff,
    0xff, 0xf8, 0x00, 0x1f, 0xfe, 0x00, 0x00, 0x0f, 0xfc, 0x00, 0x00, 0x01, 0xf0, 0x00};
// '305_fill', 32x32px
const unsigned char Bitmap_305_fill[] PROGMEM = {
    0x00, 0x07, 0xe0, 0x00, 0x00, 0x3f, 0xf8, 0x00, 0x00, 0x7f, 0xfc, 0x00, 0x00, 0xff, 0xfe, 0x00, 0x00, 0xff, 0xff,
    0x00, 0x0f, 0xff, 0xff, 0xf0, 0x3f, 0xff, 0xff, 0xfc, 0x7f, 0xff, 0xff, 0xfe, 0x7f, 0xff, 0xff, 0xfe, 0xff, 0xff,
    0xff, 0xff, 0xff, 0xff, 0xff, 0xff, 0xff, 0xff, 0xff, 0xff, 0xff, 0xff, 0xff, 0xff, 0x7f, 0xff, 0xff, 0xfe, 0x7f,
    0xff, 0xff, 0xfe, 0x3f, 0xff, 0xff, 0xfc, 0x0f, 0xff, 0xff, 0xf0, 0x00, 0x7f, 0xfc, 0x00, 0x00, 0x1f, 0xf8, 0x00,
    0x00, 0x07, 0xe0, 0x00, 0x00, 0x00, 0x00, 0x00, 0x00, 0x00, 0x00, 0x00, 0x00, 0x00, 0x00, 0x00, 0x00, 0x00, 0x00,
    0x00, 0x00, 0x00, 0x00, 0x00, 0x00, 0x60, 0x06, 0x00, 0x00, 0x60, 0x06, 0x00, 0x00, 0xf0, 0x0f, 0x00, 0x00, 0xf0,
    0x0f, 0x00, 0x00, 0x60, 0x06, 0x00, 0x00, 0x00, 0x00, 0x00, 0x00, 0x00, 0x00, 0x00};
// '399_fill', 32x32px
const unsigned char Bitmap_399_fill[] PROGMEM = {
    0x00, 0x00, 0x00, 0x00, 0x00, 0x00, 0x00, 0x60, 0x00, 0x00, 0x00, 0xf0, 0x00, 0x60, 0x01, 0xf8, 0x00, 0xf0, 0x01,
    0xf8, 0x00, 0xf0, 0x03, 0xfc, 0x01, 0xf8, 0x03, 0xfc, 0x03, 0xfc, 0x07, 0xfe, 0x03, 0xfc, 0x07, 0xfe, 0x07, 0xfe,
    0x0f, 0xff, 0x0f, 0xff, 0x0f, 0xff, 0x0f, 0xff, 0x0f, 0xff, 0x1f, 0xff, 0x8f, 0xff, 0x1f, 0xff, 0x87, 0xfe, 0x3f,
    0xff, 0xc3, 0xfc, 0x3f, 0xff, 0xc0, 0xf0, 0x7f, 0xff, 0xe0, 0x00, 0x7f, 0xff, 0xe0, 0x00, 0x7f, 0xff, 0xe0, 0x00,
    0xff, 0xff, 0xf0, 0x00, 0xff, 0xff, 0xf0, 0x00, 0xff, 0xff, 0xf0, 0x00, 0xff, 0xff, 0xf0, 0x00, 0xff, 0xff, 0xf0,
    0x00, 0x7f, 0xff, 0xf0, 0x00, 0x7f, 0xff, 0xe0, 0x00, 0x7f, 0xff, 0xe0, 0x00, 0x3f, 0xff, 0xc0, 0x00, 0x1f, 0xff,
    0xc0, 0x00, 0x0f, 0xff, 0x80, 0x00, 0x07, 0xfe, 0x00, 0x00, 0x01, 0xf8, 0x00, 0x00};
// '500_fill', 32x32px
const unsigned char Bitmap_500_fill[] PROGMEM = {
    0x00, 0x07, 0xe0, 0x00, 0x00, 0x3f, 0xf8, 0x00, 0x00, 0x7f, 0xfc, 0x00, 0x00, 0xff, 0xfe, 0x00, 0x00, 0xff, 0xff,
    0x00, 0x0f, 0xff, 0xff, 0xf0, 0x3f, 0xff, 0xff, 0xfc, 0x7f, 0xff, 0xff, 0xfe, 0x7f, 0xff, 0xff, 0xfe, 0xff, 0xff,
    0xff, 0xff, 0xff, 0xff, 0xff, 0xff, 0xff, 0xff, 0xff, 0xff, 0xff, 0xff, 0xff, 0xff, 0x7f, 0xff, 0xff, 0xfe, 0x7f,
    0xff, 0xff, 0xfe, 0x3f, 0xff, 0xff, 0xfc, 0x0f, 0xff, 0xff, 0xf0, 0x00, 0x7f, 0xfc, 0x00, 0x00, 0x1f, 0xf8, 0x00,
    0x00, 0x07, 0xe0, 0x00, 0x00, 0x00, 0x00, 0x00, 0x00, 0x00, 0x00, 0x00, 0x00, 0x00, 0x00, 0x00, 0x00, 0x00, 0x00,
    0x00, 0x00, 0xff, 0xff, 0xff, 0x00, 0xff, 0xff, 0xff, 0x00, 0x00, 0x00, 0x00, 0x00, 0x00, 0x00, 0x00, 0xff, 0xff,
    0xff, 0x00, 0xff, 0xff, 0xff, 0x00, 0x00, 0x00, 0x00, 0x00, 0x00, 0x00, 0x00, 0x00};
// '502_fill', 32x32px
const unsigned char Bitmap_502_fill[] PROGMEM = {
    0x00, 0x00, 0x00, 0x00, 0x00, 0x00, 0x00, 0x00, 0x00, 0x00, 0x00, 0x00, 0x00, 0x00, 0x00, 0x00, 0x00, 0x00, 0x00,
    0x00, 0x00, 0x00, 0x00, 0x00, 0x00, 0x00, 0x00, 0x00, 0x00, 0x00, 0x00, 0x00, 0x00, 0x00, 0x00, 0x00, 0x07, 0x80,
    0x01, 0xe0, 0x1f, 0xe0, 0x07, 0xf8, 0x3f, 0xf8, 0x1f, 0xfc, 0x7f, 0xfc, 0x3f, 0xfe, 0x7f, 0xfe, 0x7f, 0xfe, 0xff,
    0xff, 0xff, 0xff, 0xff, 0xff, 0xff, 0xff, 0xff, 0xff, 0xff, 0xff, 0xff, 0xff, 0xff, 0xff, 0x7f, 0xfe, 0x7f, 0xfe,
    0x7f, 0xfc, 0x3f, 0xfe, 0x3f, 0xf0, 0x1f, 0xfc, 0x1f, 0xe0, 0x07, 0xf8, 0x07, 0x80, 0x01, 0xe0, 0x00, 0x00, 0x00,
    0x00, 0x00, 0x00, 0x00, 0x00, 0x00, 0x00, 0x00, 0x00, 0x00, 0x00, 0x00, 0x00, 0x00, 0x00, 0x00, 0x00, 0x00, 0x00,
    0x00, 0x00, 0x00, 0x00, 0x00, 0x00, 0x00, 0x00, 0x00, 0x00, 0x00, 0x00, 0x00, 0x00};
// '103_fill', 32x32px
const unsigned char Bitmap_103_fill[] PROGMEM = {
    0x00, 0x01, 0x80, 0x00, 0x00, 0x01, 0x80, 0x00, 0x00, 0x01, 0x80, 0x00, 0x00, 0x01, 0x80, 0x00, 0x04, 0x01, 0x80,
    0x00, 0x06, 0x00, 0x00, 0x70, 0x07, 0x00, 0x00, 0xe0, 0x03, 0x0f, 0xf0, 0xc0, 0x00, 0x1f, 0xf8, 0x00, 0x00, 0x3f,
    0xfc, 0x00, 0x00, 0x7f, 0xfe, 0x00, 0x00, 0xff, 0xff, 0x00, 0x00, 0xff, 0xff, 0x00, 0x00, 0xff, 0xff, 0x00, 0x01,
    0xff, 0xff, 0x80, 0xf9, 0xff, 0xff, 0x9f, 0xf9, 0xff, 0xff, 0x9f, 0x00, 0xff, 0xff, 0x00, 0x00, 0xff, 0x81, 0x00,
    0x00, 0xfe, 0x00, 0x00, 0x00, 0x70, 0x3e, 0x00, 0x00, 0x00, 0xff, 0x80, 0x00, 0x03, 0xc1, 0xf8, 0x00, 0x3f, 0x00,
    0xfc, 0x00, 0xf0, 0x00, 0x06, 0x07, 0xc0, 0x00, 0x03, 0x0e, 0x00, 0x00, 0x03, 0x0c, 0x00, 0x00, 0x03, 0x0e, 0x00,
    0x00, 0x06, 0x07, 0xe1, 0x81, 0xfe, 0x03, 0xff, 0xff, 0xf8, 0x00, 0x0c, 0x3e, 0x00};
// '104_fill', 32x32px
const unsigned char Bitmap_104_fill[] PROGMEM = {
    0x00, 0x00, 0x00, 0x00, 0x00, 0x00, 0x00, 0x00, 0x00, 0x00, 0x00, 0x00, 0x00, 0x00, 0x00, 0x00, 0x00, 0x00, 0x00,
    0x00, 0x00, 0x00, 0xf0, 0x00, 0x00, 0x03, 0xfc, 0x00, 0x00, 0x07, 0x0e, 0x00, 0x00, 0x1c, 0x03, 0xc0, 0x00, 0xf8,
    0x01, 0xf0, 0x01, 0xc0, 0x00, 0x38, 0x03, 0x80, 0x00, 0x1c, 0x03, 0x07, 0xe0, 0x0c, 0x02, 0x3f, 0xf8, 0x0c, 0x00,
    0x7f, 0xfc, 0x0c, 0x00, 0xff, 0xfe, 0x00, 0x00, 0xff, 0xff, 0x00, 0x0f, 0xff, 0xff, 0xf0, 0x3f, 0xff, 0xff, 0xfc,
    0x7f, 0xff, 0xff, 0xfe, 0x7f, 0xff, 0xff, 0xfe, 0xff, 0xff, 0xff, 0xff, 0xff, 0xff, 0xff, 0xff, 0xff, 0xff, 0xff,
    0xff, 0xff, 0xff, 0xff, 0xff, 0x7f, 0xff, 0xff, 0xfe, 0x7f, 0xff, 0xff, 0xfe, 0x3f, 0xff, 0xff, 0xfc, 0x0f, 0xff,
    0xff, 0xf0, 0x00, 0x7f, 0xfc, 0x00, 0x00, 0x1f, 0xf8, 0x00, 0x00, 0x07, 0xe0, 0x00};
// '308_fill', 32x32px
const unsigned char Bitmap_308_fill[] PROGMEM = {
    0x00, 0x07, 0xe0, 0x00, 0x00, 0x3f, 0xf8, 0x00, 0x00, 0x7f, 0xfc, 0x00, 0x00, 0xff, 0xfe, 0x00, 0x00, 0xff, 0xff,
    0x00, 0x0f, 0xff, 0xff, 0xf0, 0x3f, 0xff, 0xff, 0xfc, 0x7f, 0xff, 0xff, 0xfe, 0x7f, 0xff, 0xff, 0xfe, 0xff, 0xff,
    0xff, 0xff, 0xff, 0xff, 0xff, 0xff, 0xff, 0xff, 0xff, 0xff, 0xff, 0xff, 0xff, 0xff, 0x7f, 0xff, 0xff, 0xfe, 0x7f,
    0xff, 0xff, 0xfe, 0x3f, 0xff, 0xff, 0xfc, 0x0f, 0xff, 0xff, 0xf0, 0x00, 0x7f, 0xfc, 0x00, 0x00, 0x1f, 0xf8, 0x00,
    0x00, 0x07, 0xe0, 0x00, 0xc0, 0x00, 0x00, 0x03, 0xc0, 0x00, 0x00, 0x03, 0xc0, 0x00, 0x00, 0x03, 0xc6, 0x00, 0x00,
    0x63, 0xc6, 0x30, 0x0c, 0x63, 0xcf, 0x30, 0x0c, 0xf3, 0x0f, 0x30, 0x0c, 0xf0, 0x06, 0x31, 0x8c, 0x60, 0x00, 0x31,
    0x8c, 0x00, 0x00, 0x33, 0xcc, 0x00, 0x00, 0x03, 0xc0, 0x00, 0x00, 0x01, 0x80, 0x00};
// '310_fill', 32x32px
const unsigned char Bitmap_310_fill[] PROGMEM = {
    0x00, 0x07, 0xe0, 0x00, 0x00, 0x3f, 0xf8, 0x00, 0x00, 0x7f, 0xfc, 0x00, 0x00, 0xff, 0xfe, 0x00, 0x00, 0xff, 0xff,
    0x00, 0x0f, 0xff, 0xff, 0xf0, 0x3f, 0xff, 0xff, 0xfc, 0x7f, 0xff, 0xff, 0xfe, 0x7f, 0xff, 0xff, 0xfe, 0xff, 0xff,
    0xff, 0xff, 0xff, 0xff, 0xff, 0xff, 0xff, 0xff, 0xff, 0xff, 0xff, 0xff, 0xff, 0xff, 0x7f, 0xff, 0xff, 0xfe, 0x7f,
    0xff, 0xff, 0xfe, 0x3f, 0xff, 0xff, 0xfc, 0x0f, 0xff, 0xff, 0xf0, 0x00, 0x7f, 0xfc, 0x00, 0x00, 0x1f, 0xf8, 0x00,
    0x00, 0x07, 0xe0, 0x00, 0x18, 0x00, 0x00, 0x18, 0x18, 0x00, 0x00, 0x18, 0x3c, 0x00, 0x00, 0x3c, 0x3c, 0x60, 0x06,
    0x3c, 0x18, 0x60, 0x06, 0x18, 0x00, 0xf0, 0x0f, 0x00, 0x00, 0xf0, 0x0f, 0x00, 0x00, 0x61, 0x86, 0x00, 0x00, 0x01,
    0x80, 0x00, 0x00, 0x03, 0xc0, 0x00, 0x00, 0x03, 0xc0, 0x00, 0x00, 0x01, 0x80, 0x00};
// '301_fill', 32x32px
const unsigned char Bitmap_301_fill[] PROGMEM = {
    0x00, 0x60, 0x00, 0x00, 0x00, 0x60, 0x00, 0x00, 0x00, 0x60, 0x00, 0x00, 0x18, 0x41, 0x80, 0x00, 0x1c, 0x03, 0x80,
    0x00, 0x0c, 0xf9, 0x00, 0x00, 0x03, 0xf8, 0x00, 0x00, 0x07, 0x03, 0xf0, 0x00, 0x06, 0x0f, 0xfc, 0x00, 0xe6, 0x3f,
    0xfe, 0x00, 0xf0, 0x3f, 0xff, 0x00, 0x00, 0xff, 0xff, 0x80, 0x0f, 0xff, 0xff, 0xfc, 0x1f, 0xff, 0xff, 0xfe, 0x1f,
    0xff, 0xff, 0xfe, 0x3f, 0xff, 0xff, 0xff, 0x3f, 0xff, 0xff, 0xff, 0x3f, 0xff, 0xff, 0xff, 0x3f, 0xff, 0xff, 0xff,
    0x1f, 0xff, 0xff, 0xfe, 0x1f, 0xff, 0xff, 0xfe, 0x07, 0xff, 0xff, 0xf8, 0x00, 0x3f, 0xfe, 0x00, 0x00, 0x0f, 0xfc,
    0x00, 0x00, 0x03, 0xf0, 0x00, 0x00, 0x60, 0x01, 0x80, 0x00, 0x60, 0x01, 0x80, 0x00, 0xf0, 0xc3, 0xc0, 0x00, 0xf0,
    0xc3, 0xc0, 0x00, 0x61, 0xe1, 0x80, 0x00, 0x01, 0xe0, 0x00, 0x00, 0x00, 0xc0, 0x00};
// '312_fill', 32x32px
const unsigned char Bitmap_312_fill[] PROGMEM = {
    0x00, 0x07, 0xe0, 0x00, 0x00, 0x3f, 0xf8, 0x00, 0x00, 0x7f, 0xfc, 0x00, 0x00, 0xff, 0xfe, 0x00, 0x00, 0xff, 0xff,
    0x00, 0x0f, 0xff, 0xff, 0xf0, 0x3f, 0xff, 0xff, 0xfc, 0x7f, 0xff, 0xff, 0xfe, 0x7f, 0xff, 0xff, 0xfe, 0xff, 0xff,
    0xff, 0xff, 0xff, 0xff, 0xff, 0xff, 0xff, 0xff, 0xff, 0xff, 0xff, 0xff, 0xff, 0xff, 0x7f, 0xff, 0xff, 0xfe, 0x7f,
    0xff, 0xff, 0xfe, 0x3f, 0xff, 0xff, 0xfc, 0x0f, 0xff, 0xff, 0xf0, 0x00, 0x7f, 0xfc, 0x00, 0x00, 0x1f, 0xf8, 0x00,
    0x00, 0x07, 0xe0, 0x00, 0x00, 0x00, 0x00, 0x00, 0x00, 0x00, 0x00, 0x00, 0x00, 0x00, 0x00, 0x00, 0x00, 0x00, 0x00,
    0x00, 0x10, 0x82, 0x18, 0x41, 0x30, 0x86, 0x10, 0xc3, 0x61, 0x84, 0x30, 0xc6, 0x63, 0x0c, 0x21, 0x86, 0xc3, 0x18,
    0x61, 0x0c, 0x82, 0x18, 0x41, 0x08, 0x00, 0x00, 0x00, 0x00, 0x00, 0x00, 0x00, 0x00};
// '300_fill', 32x32px
const unsigned char Bitmap_300_fill[] PROGMEM = {
    0x00, 0x60, 0x00, 0x00, 0x00, 0x60, 0x00, 0x00, 0x00, 0x60, 0x00, 0x00, 0x18, 0x41, 0x80, 0x00, 0x1c, 0x03, 0x80,
    0x00, 0x0c, 0xf9, 0x00, 0x00, 0x03, 0xf8, 0x00, 0x00, 0x07, 0x03, 0xf0, 0x00, 0x06, 0x0f, 0xfc, 0x00, 0xe6, 0x3f,
    0xfe, 0x00, 0xf0, 0x3f, 0xff, 0x00, 0x00, 0xff, 0xff, 0x80, 0x0f, 0xff, 0xff, 0xfc, 0x1f, 0xff, 0xff, 0xfe, 0x1f,
    0xff, 0xff, 0xfe, 0x3f, 0xff, 0xff, 0xff, 0x3f, 0xff, 0xff, 0xff, 0x3f, 0xff, 0xff, 0xff, 0x3f, 0xff, 0xff, 0xff,
    0x1f, 0xff, 0xff, 0xfe, 0x1f, 0xff, 0xff, 0xfe, 0x07, 0xff, 0xff, 0xf8, 0x00, 0x3f, 0xfe, 0x00, 0x00, 0x0f, 0xfc,
    0x00, 0x00, 0x03, 0xf0, 0x00, 0x00, 0x30, 0x03, 0x00, 0x00, 0x30, 0x03, 0x00, 0x00, 0x78, 0x07, 0x80, 0x00, 0x78,
    0x07, 0x80, 0x00, 0x30, 0x03, 0x00, 0x00, 0x00, 0x00, 0x00, 0x00, 0x00, 0x00, 0x00};
// '302_fill', 32x32px
const unsigned char Bitmap_302_fill[] PROGMEM = {
    0x00, 0x07, 0xe0, 0x00, 0x00, 0x3f, 0xf8, 0x00, 0x00, 0x7f, 0xfc, 0x00, 0x00, 0xff, 0xfe, 0x00, 0x00, 0xff, 0xff,
    0x00, 0x0f, 0xff, 0xff, 0xf0, 0x3f, 0xff, 0xff, 0xfc, 0x7f, 0xff, 0xff, 0xfe, 0x7f, 0xff, 0xff, 0xfe, 0xff, 0xff,
    0xff, 0xff, 0xff, 0xff, 0xff, 0xff, 0xff, 0xff, 0xff, 0xff, 0xff, 0xff, 0xff, 0xff, 0x7f, 0xff, 0xff, 0xfe, 0x7f,
    0xff, 0xff, 0xfe, 0x3f, 0xff, 0xff, 0xfc, 0x0f, 0xff, 0xff, 0xf0, 0x00, 0x7f, 0xfc, 0x00, 0x00, 0x1f, 0xf8, 0x00,
    0x00, 0x07, 0xe0, 0x00, 0x00, 0x00, 0x00, 0x00, 0x00, 0x00, 0x00, 0x00, 0x00, 0x01, 0xc0, 0x00, 0x01, 0x83, 0xc1,
    0x80, 0x01, 0x83, 0x81, 0x80, 0x03, 0xc7, 0xf3, 0xc0, 0x03, 0xc7, 0xe3, 0xc0, 0x01, 0x8f, 0xc1, 0x80, 0x00, 0x01,
    0x80, 0x00, 0x00, 0x01, 0x00, 0x00, 0x00, 0x02, 0x00, 0x00, 0x00, 0x00, 0x00, 0x00};
// '303_fill', 32x32px
const unsigned char Bitmap_303_fill[] PROGMEM = {
    0x00, 0x07, 0xe0, 0x00, 0x00, 0x3f, 0xf8, 0x00, 0x00, 0x7f, 0xfc, 0x00, 0x00, 0xff, 0xfe, 0x00, 0x00, 0xff, 0xff,
    0x00, 0x0f, 0xff, 0xff, 0xf0, 0x3f, 0xff, 0xff, 0xfc, 0x7f, 0xff, 0xff, 0xfe, 0x7f, 0xff, 0xff, 0xfe, 0xff, 0xff,
    0xff, 0xff, 0xff, 0xff, 0xff, 0xff, 0xff, 0xff, 0xff, 0xff, 0xff, 0xff, 0xff, 0xff, 0x7f, 0xff, 0xff, 0xfe, 0x7f,
    0xff, 0xff, 0xfe, 0x3f, 0xff, 0xff, 0xfc, 0x0f, 0xff, 0xff, 0xf0, 0x00, 0x7f, 0xfc, 0x00, 0x00, 0x1f, 0xf8, 0x00,
    0x00, 0x07, 0xe0, 0x00, 0x60, 0x00, 0x00, 0x06, 0x60, 0x00, 0x00, 0x06, 0xf0, 0x01, 0xc0, 0x0f, 0xf1, 0x83, 0xc1,
    0x8f, 0x61, 0x83, 0x81, 0x86, 0x03, 0xc7, 0xf3, 0xc0, 0x03, 0xc7, 0xe3, 0xc0, 0x01, 0x8f, 0xc1, 0x80, 0x00, 0x01,
    0x80, 0x00, 0x00, 0x01, 0x00, 0x00, 0x00, 0x02, 0x00, 0x00, 0x00, 0x00, 0x00, 0x00};
// '311_fill', 32x32px
const unsigned char Bitmap_311_fill[] PROGMEM = {
    0x00, 0x07, 0xe0, 0x00, 0x00, 0x3f, 0xf8, 0x00, 0x00, 0x7f, 0xfc, 0x00, 0x00, 0xff, 0xfe, 0x00, 0x00, 0xff, 0xff,
    0x00, 0x0f, 0xff, 0xff, 0xf0, 0x3f, 0xff, 0xff, 0xfc, 0x7f, 0xff, 0xff, 0xfe, 0x7f, 0xff, 0xff, 0xfe, 0xff, 0xff,
    0xff, 0xff, 0xff, 0xff, 0xff, 0xff, 0xff, 0xff, 0xff, 0xff, 0xff, 0xff, 0xff, 0xff, 0x7f, 0xff, 0xff, 0xfe, 0x7f,
    0xff, 0xff, 0xfe, 0x3f, 0xff, 0xff, 0xfc, 0x0f, 0xff, 0xff, 0xf0, 0x00, 0x7f, 0xfc, 0x00, 0x00, 0x1f, 0xf8, 0x00,
    0x00, 0x07, 0xe0, 0x00, 0x00, 0x00, 0x00, 0x00, 0x00, 0x00, 0x00, 0x00, 0x00, 0x00, 0xc0, 0x00, 0x04, 0x10, 0xc1,
    0x04, 0x0c, 0x31, 0x83, 0x0c, 0x18, 0x61, 0x86, 0x18, 0x18, 0x63, 0x06, 0x18, 0x30, 0xc3, 0x0c, 0x30, 0x20, 0x86,
    0x08, 0x20, 0x00, 0x06, 0x00, 0x00, 0x00, 0x0c, 0x00, 0x00, 0x00, 0x0c, 0x00, 0x00};
// '314_fill', 32x32px
const unsigned char Bitmap_314_fill[] PROGMEM = {
    0x00, 0x01, 0x80, 0x00, 0x00, 0x01, 0x80, 0x00, 0x00, 0x0f, 0xf0, 0x00, 0x00, 0x7f, 0xfe, 0x00, 0x01, 0xff, 0xff,
    0x80, 0x07, 0xff, 0xff, 0xe0, 0x0f, 0xff, 0xff, 0xf0, 0x1f, 0xff, 0xff, 0xf8, 0x3f, 0xff, 0xff, 0xfc, 0x3f, 0xff,
    0xff, 0xfc, 0x7f, 0xff, 0xff, 0xfe, 0x7f, 0xff, 0xff, 0xfe, 0xff, 0xff, 0xff, 0xff, 0xe1, 0xfd, 0xbf, 0x87, 0x00,
    0x31, 0x8c, 0x00, 0x00, 0x01, 0x80, 0x00, 0x00, 0x01, 0x80, 0x00, 0x00, 0x01, 0x80, 0x00, 0x00, 0x01, 0x80, 0x00,
    0x00, 0x01, 0x98, 0x18, 0x00, 0x01, 0x98, 0x18, 0x18, 0x61, 0xbc, 0x3c, 0x18, 0x61, 0xbc, 0x3c, 0x3c, 0xf1, 0x98,
    0x18, 0x3c, 0xf1, 0x80, 0x00, 0x18, 0x61, 0x81, 0x80, 0x00, 0x01, 0x81, 0x80, 0x00, 0x01, 0x83, 0xc0, 0x00, 0x01,
    0x83, 0xc0, 0x00, 0x01, 0x81, 0x80, 0x00, 0x01, 0x80, 0x00, 0x00, 0x01, 0x80, 0x00};
// '315_fill', 32x32px
const unsigned char Bitmap_315_fill[] PROGMEM = {
    0x00, 0x01, 0x80, 0x00, 0x00, 0x01, 0x80, 0x00, 0x00, 0x0f, 0xf0, 0x00, 0x00, 0x7f, 0xfe, 0x00, 0x01, 0xff, 0xff,
    0x80, 0x07, 0xff, 0xff, 0xe0, 0x0f, 0xff, 0xff, 0xf0, 0x1f, 0xff, 0xff, 0xf8, 0x3f, 0xff, 0xff, 0xfc, 0x3f, 0xff,
    0xff, 0xfc, 0x7f, 0xff, 0xff, 0xfe, 0x7f, 0xff, 0xff, 0xfe, 0xff, 0xff, 0xff, 0xff, 0xe1, 0xfd, 0xbf, 0x87, 0x00,
    0x31, 0x8c, 0x00, 0x00, 0x01, 0x80, 0x00, 0x00, 0x01, 0x80, 0x00, 0x00, 0x01, 0x80, 0x00, 0x00, 0x01, 0x86, 0x18,
    0x18, 0x19, 0x86, 0x18, 0x18, 0x19, 0x8f, 0x3c, 0x3c, 0x3d, 0x8f, 0x3c, 0x3c, 0x3d, 0x86, 0x18, 0x18, 0x19, 0x80,
    0x00, 0x00, 0x01, 0x80, 0x00, 0x01, 0x81, 0x80, 0x00, 0x01, 0x81, 0x86, 0x18, 0x03, 0xc1, 0x86, 0x18, 0x03, 0xc1,
    0x8f, 0x3c, 0x01, 0x81, 0x8f, 0x3c, 0x00, 0x01, 0x86, 0x18, 0x00, 0x01, 0x80, 0x00};
// '102_fill', 32x32px
const unsigned char Bitmap_102_fill[] PROGMEM = {
    0x00, 0x01, 0x80, 0x00, 0x00, 0x01, 0x80, 0x00, 0x00, 0x01, 0x80, 0x00, 0x00, 0x01, 0x80, 0x00, 0x04, 0x01, 0x80,
    0x00, 0x0e, 0x00, 0x00, 0x60, 0x07, 0x00, 0x00, 0xe0, 0x03, 0x07, 0xe0, 0xc0, 0x00, 0x1f, 0xf8, 0x00, 0x00, 0x3f,
    0xfc, 0x00, 0x00, 0x7f, 0xfe, 0x00, 0x00, 0xff, 0xff, 0x00, 0x00, 0xff, 0xff, 0x00, 0x01, 0xff, 0xff, 0x80, 0x01,
    0xff, 0xff, 0x80, 0xf9, 0xff, 0xff, 0x9f, 0xf9, 0xff, 0xff, 0x9f, 0x01, 0xff, 0xff, 0x80, 0x01, 0xff, 0xe0, 0x00,
    0x00, 0xff, 0xc0, 0x00, 0x00, 0xff, 0x0f, 0x00, 0x00, 0x7c, 0x3f, 0xc0, 0x00, 0x30, 0x60, 0x60, 0x00, 0x03, 0xc0,
    0x3c, 0x03, 0x06, 0x00, 0x06, 0x07, 0x0c, 0x00, 0x03, 0x0e, 0x0c, 0x00, 0x03, 0x04, 0x0c, 0x00, 0x03, 0x00, 0x04,
    0x00, 0x02, 0x00, 0x07, 0xe0, 0x7e, 0x00, 0x00, 0x3d, 0xc0, 0x00, 0x00, 0x0f, 0x00};
// '304_fill', 32x32px
const unsigned char Bitmap_304_fill[] PROGMEM = {
    0x00, 0x07, 0xe0, 0x00, 0x00, 0x3f, 0xf8, 0x00, 0x00, 0x7f, 0xfc, 0x00, 0x00, 0xff, 0xfe, 0x00, 0x00, 0xff, 0xff,
    0x00, 0x0f, 0xff, 0xff, 0xf0, 0x3f, 0xff, 0xff, 0xfc, 0x7f, 0xff, 0xff, 0xfe, 0x7f, 0xff, 0xff, 0xfe, 0xff, 0xff,
    0xff, 0xff, 0xff, 0xff, 0xff, 0xff, 0xff, 0xff, 0xff, 0xff, 0xff, 0xff, 0xff, 0xff, 0x7f, 0xff, 0xff, 0xfe, 0x7f,
    0xff, 0xff, 0xfe, 0x3f, 0xff, 0xff, 0xfc, 0x0f, 0xff, 0xff, 0xf0, 0x00, 0x7f, 0xfc, 0x00, 0x00, 0x1f, 0xf8, 0x00,
    0x00, 0x07, 0xe0, 0x00, 0x00, 0x00, 0x00, 0x00, 0x00, 0x00, 0x00, 0x00, 0x00, 0x01, 0xc0, 0x00, 0x01, 0x83, 0xc1,
    0x80, 0x01, 0x83, 0x83, 0xc0, 0x03, 0xc7, 0xf3, 0xc0, 0x03, 0xc7, 0xe1, 0x80, 0x01, 0x8f, 0xc0, 0x00, 0x00, 0x01,
    0x80, 0x00, 0x00, 0x01, 0x00, 0x00, 0x00, 0x02, 0x00, 0x00, 0x00, 0x00, 0x00, 0x00};
// '313_fill', 32x32px
const unsigned char Bitmap_313_fill[] PROGMEM = {
    0x00, 0x07, 0xe0, 0x00, 0x00, 0x3f, 0xf8, 0x00, 0x00, 0x7f, 0xfc, 0x00, 0x00, 0xff, 0xfe, 0x00, 0x00, 0xff, 0xff,
    0x00, 0x0f, 0xff, 0xff, 0xf0, 0x3f, 0xff, 0xff, 0xfc, 0x7f, 0xff, 0xff, 0xfe, 0x7f, 0xff, 0xff, 0xfe, 0xff, 0xff,
    0xff, 0xff, 0xff, 0xff, 0xff, 0xff, 0xff, 0xff, 0xff, 0xff, 0xff, 0xff, 0xff, 0xff, 0x7f, 0xff, 0xff, 0xfe, 0x7f,
    0xff, 0xff, 0xfe, 0x3f, 0xff, 0xff, 0xfc, 0x0f, 0xff, 0xff, 0xf0, 0x00, 0x7f, 0xfc, 0x00, 0x00, 0x1f, 0xf8, 0x00,
    0x60, 0x07, 0xe0, 0x06, 0xf0, 0x00, 0x00, 0x0f, 0xf0, 0x00, 0x00, 0x0f, 0x60, 0x00, 0x00, 0x06, 0x00, 0xc0, 0x03,
    0x00, 0x01, 0xe0, 0x07, 0x80, 0x01, 0xe0, 0x07, 0x80, 0x00, 0xc0, 0x03, 0x00, 0x00, 0x01, 0x80, 0x00, 0x00, 0x03,
    0xc0, 0x00, 0x00, 0x03, 0xc0, 0x00, 0x00, 0x01, 0x80, 0x00, 0x00, 0x00, 0x00, 0x00};
// '316_fill', 32x32px
const unsigned char Bitmap_316_fill[] PROGMEM = {
    0x00, 0x01, 0x80, 0x00, 0x00, 0x01, 0x80, 0x00, 0x00, 0x0f, 0xf0, 0x00, 0x00, 0x7f, 0xfe, 0x00, 0x01, 0xff, 0xff,
    0x80, 0x07, 0xff, 0xff, 0xe0, 0x0f, 0xff, 0xff, 0xf0, 0x1f, 0xff, 0xff, 0xf8, 0x3f, 0xff, 0xff, 0xfc, 0x3f, 0xff,
    0xff, 0xfc, 0x7f, 0xff, 0xff, 0xfe, 0x7f, 0xff, 0xff, 0xfe, 0xff, 0xff, 0xff, 0xff, 0xe1, 0xfd, 0xbf, 0x87, 0x00,
    0x31, 0x8c, 0x00, 0x00, 0x01, 0x80, 0x00, 0x00, 0x01, 0x80, 0x00, 0x18, 0x61, 0x98, 0xc6, 0x18, 0x61, 0x98, 0xc6,
    0x3c, 0xf1, 0xbd, 0xef, 0x3c, 0xf1, 0xbd, 0xef, 0x18, 0x61, 0x98, 0xc6, 0x00, 0x01, 0x80, 0x00, 0x00, 0x01, 0x80,
    0x00, 0x00, 0x01, 0x80, 0x00, 0x18, 0x61, 0x86, 0x18, 0x18, 0x61, 0x86, 0x18, 0x3c, 0xf1, 0x8f, 0x3c, 0x3c, 0xf1,
    0x8f, 0x3c, 0x18, 0x61, 0x86, 0x18, 0x00, 0x01, 0x80, 0x00, 0x00, 0x01, 0x80, 0x00};
// '317_fill', 32x32px
const unsigned char Bitmap_317_fill[] PROGMEM = {
    0x00, 0x01, 0x80, 0x00, 0x00, 0x01, 0x80, 0x00, 0x00, 0x0f, 0xf0, 0x00, 0x00, 0x7f, 0xfe, 0x00, 0x01, 0xff, 0xff,
    0x80, 0x07, 0xff, 0xff, 0xe0, 0x0f, 0xff, 0xff, 0xf0, 0x1f, 0xff, 0xff, 0xf8, 0x3f, 0xff, 0xff, 0xfc, 0x3f, 0xff,
    0xff, 0xfc, 0x7f, 0xff, 0xff, 0xfe, 0x7f, 0xff, 0xff, 0xfe, 0xff, 0xff, 0xff, 0xff, 0xe1, 0xfd, 0xbf, 0x87, 0x00,
    0x31, 0x8c, 0x00, 0x00, 0x01, 0x80, 0x00, 0x0c, 0x31, 0x8c, 0xcc, 0x0c, 0x31, 0x8c, 0xcc, 0x0c, 0x31, 0x8c, 0xcc,
    0x0c, 0x31, 0x8c, 0xcc, 0x0c, 0x31, 0x8c, 0xcc, 0x0c, 0x31, 0x8c, 0xcc, 0x00, 0x01, 0x80, 0x00, 0x00, 0x01, 0x80,
    0x00, 0x0c, 0x31, 0x83, 0x30, 0x0c, 0x31, 0x83, 0x30, 0x0c, 0x31, 0x83, 0x30, 0x0c, 0x31, 0x83, 0x30, 0x0c, 0x31,
    0x83, 0x30, 0x0c, 0x31, 0x83, 0x30, 0x00, 0x01, 0x80, 0x00, 0x00, 0x01, 0x80, 0x00};
// '350_fill', 32x32px
const unsigned char Bitmap_350_fill[] PROGMEM = {
    0x00, 0x00, 0x06, 0x00, 0x00, 0x00, 0x0e, 0x00, 0x00, 0x00, 0x1e, 0x00, 0x00, 0x00, 0x1e, 0x00, 0x00, 0x00, 0x36,
    0x00, 0x00, 0x00, 0x37, 0x00, 0x00, 0x00, 0x13, 0x00, 0x00, 0x0f, 0xc1, 0xc0, 0x00, 0x3f, 0xf0, 0xf0, 0x00, 0xff,
    0xf8, 0x7e, 0x00, 0xff, 0xfc, 0x1e, 0x03, 0xff, 0xfe, 0x0c, 0x3f, 0xff, 0xff, 0xf0, 0x7f, 0xff, 0xff, 0xf8, 0x7f,
    0xff, 0xff, 0xf8, 0xff, 0xff, 0xff, 0xfc, 0xff, 0xff, 0xff, 0xfc, 0xff, 0xff, 0xff, 0xfc, 0xff, 0xff, 0xff, 0xfc,
    0x7f, 0xff, 0xff, 0xf8, 0x7f, 0xff, 0xff, 0xf8, 0x1f, 0xff, 0xff, 0xe0, 0x00, 0xff, 0xf8, 0x00, 0x00, 0x3f, 0xf0,
    0x00, 0x00, 0x0f, 0xc0, 0x00, 0x00, 0x00, 0x00, 0x00, 0x00, 0x00, 0x00, 0x00, 0x00, 0xc0, 0x0c, 0x00, 0x00, 0xc0,
    0x0c, 0x00, 0x01, 0xe0, 0x1e, 0x00, 0x01, 0xe0, 0x1e, 0x00, 0x00, 0xc0, 0x0c, 0x00};
// '318_fill', 32x32px
const unsigned char Bitmap_318_fill[] PROGMEM = {
    0x00, 0x01, 0x80, 0x00, 0x00, 0x01, 0x80, 0x00, 0x00, 0x0f, 0xf0, 0x00, 0x00, 0x7f, 0xfe, 0x00, 0x01, 0xff, 0xff,
    0x80, 0x07, 0xff, 0xff, 0xe0, 0x0f, 0xff, 0xff, 0xf0, 0x1f, 0xff, 0xff, 0xf8, 0x3f, 0xff, 0xff, 0xfc, 0x3f, 0xff,
    0xff, 0xfc, 0x7f, 0xff, 0xff, 0xfe, 0x7f, 0xff, 0xff, 0xfe, 0xff, 0xff, 0xff, 0xff, 0xe1, 0xfd, 0xbf, 0x87, 0x00,
    0x31, 0x8c, 0x00, 0x00, 0x01, 0x80, 0x00, 0x33, 0x31, 0x8c, 0xcc, 0x33, 0x31, 0x8c, 0xcc, 0x33, 0x31, 0x8c, 0xcc,
    0x33, 0x31, 0x8c, 0xcc, 0x33, 0x31, 0x8c, 0xcc, 0x33, 0x31, 0x8c, 0xcc, 0x00, 0x01, 0x80, 0x00, 0x00, 0x01, 0x80,
    0x00, 0x0c, 0xc1, 0x8c, 0xcc, 0x0c, 0xc1, 0x8c, 0xcc, 0x0c, 0xc1, 0x8c, 0xcc, 0x0c, 0xc1, 0x8c, 0xcc, 0x0c, 0xc1,
    0x8c, 0xcc, 0x0c, 0xc1, 0x8c, 0xcc, 0x00, 0x01, 0x80, 0x00, 0x00, 0x01, 0x80, 0x00};
// '351_fill', 32x32px
const unsigned char Bitmap_351_fill[] PROGMEM = {
    0x00, 0x00, 0x06, 0x00, 0x00, 0x00, 0x0e, 0x00, 0x00, 0x00, 0x1e, 0x00, 0x00, 0x00, 0x1e, 0x00, 0x00, 0x00, 0x36,
    0x00, 0x00, 0x00, 0x37, 0x00, 0x00, 0x00, 0x13, 0x00, 0x00, 0x0f, 0xc1, 0xc0, 0x00, 0x3f, 0xf0, 0xf0, 0x00, 0xff,
    0xf8, 0x7e, 0x00, 0xff, 0xfc, 0x1e, 0x03, 0xff, 0xfe, 0x0c, 0x3f, 0xff, 0xff, 0xf0, 0x7f, 0xff, 0xff, 0xf8, 0x7f,
    0xff, 0xff, 0xf8, 0xff, 0xff, 0xff, 0xfc, 0xff, 0xff, 0xff, 0xfc, 0xff, 0xff, 0xff, 0xfc, 0xff, 0xff, 0xff, 0xfc,
    0x7f, 0xff, 0xff, 0xf8, 0x7f, 0xff, 0xff, 0xf8, 0x1f, 0xff, 0xff, 0xe0, 0x00, 0xff, 0xf8, 0x00, 0x00, 0x3f, 0xf0,
    0x00, 0x00, 0x0f, 0xc0, 0x00, 0x01, 0x80, 0x06, 0x00, 0x01, 0x80, 0x06, 0x00, 0x03, 0xc3, 0x0f, 0x00, 0x03, 0xc3,
    0x0f, 0x00, 0x01, 0x87, 0x86, 0x00, 0x00, 0x07, 0x80, 0x00, 0x00, 0x03, 0x00, 0x00};
// '400_fill', 32x32px
const unsigned char Bitmap_400_fill[] PROGMEM = {
    0x00, 0x07, 0xe0, 0x00, 0x00, 0x3f, 0xf8, 0x00, 0x00, 0x7f, 0xfc, 0x00, 0x00, 0xff, 0xfe, 0x00, 0x00, 0xff, 0xff,
    0x00, 0x0f, 0xff, 0xff, 0xf0, 0x3f, 0xff, 0xff, 0xfc, 0x7f, 0xff, 0xff, 0xfe, 0x7f, 0xff, 0xff, 0xfe, 0xff, 0xff,
    0xff, 0xff, 0xff, 0xff, 0xff, 0xff, 0xff, 0xff, 0xff, 0xff, 0xff, 0xff, 0xff, 0xff, 0x7f, 0xff, 0xff, 0xfe, 0x7f,
    0xff, 0xff, 0xfe, 0x3f, 0xff, 0xff, 0xfc, 0x0f, 0xff, 0xff, 0xf0, 0x00, 0x7f, 0xfc, 0x00, 0x00, 0x1f, 0xf8, 0x00,
    0x00, 0x07, 0xe0, 0x00, 0x00, 0x00, 0x00, 0x00, 0x00, 0x00, 0x00, 0x00, 0x00, 0x00, 0x00, 0x00, 0x00, 0x00, 0x00,
    0x00, 0x00, 0x30, 0x0c, 0x00, 0x00, 0xfc, 0x3f, 0x00, 0x00, 0x78, 0x1e, 0x00, 0x00, 0x78, 0x1e, 0x00, 0x00, 0x78,
    0x1e, 0x00, 0x00, 0x30, 0x0c, 0x00, 0x00, 0x00, 0x00, 0x00, 0x00, 0x00, 0x00, 0x00};
// '401_fill', 32x32px
const unsigned char Bitmap_401_fill[] PROGMEM = {
    0x00, 0x07, 0xe0, 0x00, 0x00, 0x3f, 0xf8, 0x00, 0x00, 0x7f, 0xfc, 0x00, 0x00, 0xff, 0xfe, 0x00, 0x00, 0xff, 0xff,
    0x00, 0x0f, 0xff, 0xff, 0xf0, 0x3f, 0xff, 0xff, 0xfc, 0x7f, 0xff, 0xff, 0xfe, 0x7f, 0xff, 0xff, 0xfe, 0xff, 0xff,
    0xff, 0xff, 0xff, 0xff, 0xff, 0xff, 0xff, 0xff, 0xff, 0xff, 0xff, 0xff, 0xff, 0xff, 0x7f, 0xff, 0xff, 0xfe, 0x7f,
    0xff, 0xff, 0xfe, 0x3f, 0xff, 0xff, 0xfc, 0x0f, 0xff, 0xff, 0xf0, 0x00, 0x7f, 0xfc, 0x00, 0x00, 0x1f, 0xf8, 0x00,
    0x00, 0x07, 0xe0, 0x00, 0x00, 0x00, 0x00, 0x00, 0x00, 0x00, 0x00, 0x00, 0x03, 0x00, 0x00, 0xc0, 0x0f, 0xc0, 0x03,
    0xf0, 0x07, 0x80, 0x01, 0xe0, 0x07, 0x80, 0x01, 0xe0, 0x07, 0x81, 0x81, 0xe0, 0x03, 0x07, 0xe0, 0xc0, 0x00, 0x03,
    0xc0, 0x00, 0x00, 0x03, 0xc0, 0x00, 0x00, 0x03, 0xc0, 0x00, 0x00, 0x01, 0x80, 0x00};
// '407_fill', 32x32px
const unsigned char Bitmap_407_fill[] PROGMEM = {
    0x00, 0x20, 0x00, 0x00, 0x00, 0x60, 0x00, 0x00, 0x00, 0x20, 0x00, 0x00, 0x18, 0x21, 0xc0, 0x00, 0x1c, 0x01, 0x80,
    0x00, 0x0c, 0xf9, 0x00, 0x00, 0x01, 0xf8, 0x00, 0x00, 0x03, 0x03, 0xf0, 0x00, 0x06, 0x0f, 0xfc, 0x00, 0x76, 0x3f,
    0xfe, 0x00, 0x70, 0x3f, 0xff, 0x00, 0x00, 0xff, 0xff, 0x80, 0x0f, 0xff, 0xff, 0xfc, 0x1f, 0xff, 0xff, 0xfe, 0x1f,
    0xff, 0xff, 0xfe, 0x3f, 0xff, 0xff, 0xff, 0x3f, 0xff, 0xff, 0xff, 0x3f, 0xff, 0xff, 0xff, 0x3f, 0xff, 0xff, 0xff,
    0x1f, 0xff, 0xff, 0xfe, 0x1f, 0xff, 0xff, 0xfe, 0x07, 0xff, 0xff, 0xf8, 0x00, 0x3f, 0xfe, 0x00, 0x00, 0x0f, 0xfc,
    0x00, 0x00, 0x03, 0xf0, 0x00, 0x00, 0x00, 0x00, 0x00, 0x00, 0x18, 0x06, 0x00, 0x00, 0x7e, 0x0f, 0x80, 0x00, 0x3c,
    0x0f, 0x00, 0x00, 0x3c, 0x0f, 0x00, 0x00, 0x7c, 0x1f, 0x00, 0x00, 0x18, 0x06, 0x00};
// '309_fill', 32x32px
const unsigned char Bitmap_309_fill[] PROGMEM = {
    0x00, 0x07, 0xe0, 0x00, 0x00, 0x3f, 0xf8, 0x00, 0x00, 0x7f, 0xfc, 0x00, 0x00, 0xff, 0xfe, 0x00, 0x00, 0xff, 0xff,
    0x00, 0x0f, 0xff, 0xff, 0xf0, 0x3f, 0xff, 0xff, 0xfc, 0x7f, 0xff, 0xff, 0xfe, 0x7f, 0xff, 0xff, 0xfe, 0xff, 0xff,
    0xff, 0xff, 0xff, 0xff, 0xff, 0xff, 0xff, 0xff, 0xff, 0xff, 0xff, 0xff, 0xff, 0xff, 0x7f, 0xff, 0xff, 0xfe, 0x7f,
    0xff, 0xff, 0xfe, 0x3f, 0xff, 0xff, 0xfc, 0x0f, 0xff, 0xff, 0xf0, 0x00, 0x7f, 0xfc, 0x00, 0x00, 0x1f, 0xf8, 0x00,
    0x00, 0x07, 0xe0, 0x00, 0x00, 0x00, 0x00, 0x00, 0x00, 0x00, 0x00, 0x00, 0x00, 0x00, 0x00, 0x00, 0x00, 0x00, 0x00,
    0x00, 0x00, 0x00, 0x40, 0x00, 0x00, 0x00, 0x80, 0x00, 0x01, 0x00, 0x80, 0x40, 0x01, 0x01, 0x00, 0x40, 0x02, 0x01,
    0x00, 0x80, 0x00, 0x02, 0x00, 0x00, 0x00, 0x02, 0x00, 0x00, 0x00, 0x00, 0x00, 0x00};
// '410_fill', 32x32px
const unsigned char Bitmap_410_fill[] PROGMEM = {
    0x00, 0x01, 0x80, 0x00, 0x00, 0x01, 0x80, 0x00, 0x00, 0x0f, 0xf0, 0x00, 0x00, 0x7f, 0xfe, 0x00, 0x01, 0xff, 0xff,
    0x80, 0x07, 0xff, 0xff, 0xe0, 0x0f, 0xff, 0xff, 0xf0, 0x1f, 0xff, 0xff, 0xf8, 0x3f, 0xff, 0xff, 0xfc, 0x3f, 0xff,
    0xff, 0xfc, 0x7f, 0xff, 0xff, 0xfe, 0x7f, 0xff, 0xff, 0xfe, 0xff, 0xff, 0xff, 0xff, 0xe1, 0xfd, 0xbf, 0x87, 0x00,
    0x31, 0x8c, 0x00, 0x00, 0x01, 0x80, 0x00, 0x00, 0x01, 0x80, 0x00, 0x00, 0x01, 0x8c, 0x0c, 0x30, 0x31, 0x9f, 0x1f,
    0xf8, 0xf9, 0x9e, 0x1e, 0x78, 0x79, 0x9e, 0x1e, 0x78, 0x79, 0x9e, 0x1e, 0x78, 0x79, 0x8c, 0x0c, 0x30, 0x31, 0x80,
    0x00, 0x03, 0x01, 0x80, 0x00, 0x0f, 0xc1, 0x8c, 0x0c, 0x07, 0x81, 0xbf, 0x3f, 0x07, 0x81, 0x9e, 0x1e, 0x07, 0x81,
    0x9e, 0x1e, 0x03, 0x01, 0x9e, 0x1e, 0x00, 0x01, 0x8c, 0x0c, 0x00, 0x01, 0x80, 0x00};
// '151_fill', 32x32px
const unsigned char Bitmap_151_fill[] PROGMEM = {
    0x00, 0x00, 0x00, 0x00, 0x00, 0x00, 0x00, 0x00, 0x00, 0x00, 0x10, 0x00, 0x00, 0x00, 0x70, 0x00, 0x00, 0x00, 0xf0,
    0x00, 0x00, 0x01, 0xf0, 0x00, 0x00, 0x01, 0xb0, 0x00, 0x00, 0x03, 0x18, 0x00, 0x00, 0x03, 0x18, 0x00, 0x00, 0x03,
    0x1c, 0x00, 0x00, 0x02, 0x0c, 0x00, 0x00, 0x03, 0x06, 0x00, 0x00, 0x00, 0x07, 0x80, 0x00, 0x00, 0x01, 0xe3, 0x00,
    0x0f, 0xc0, 0xff, 0x00, 0x3f, 0xf0, 0x0e, 0x00, 0xff, 0xf8, 0x0e, 0x00, 0xff, 0xfc, 0x0c, 0x03, 0xff, 0xfe, 0x00,
    0x3f, 0xff, 0xff, 0xf0, 0x7f, 0xff, 0xff, 0xf8, 0x7f, 0xff, 0xff, 0xf8, 0xff, 0xff, 0xff, 0xfc, 0xff, 0xff, 0xff,
    0xfc, 0xff, 0xff, 0xff, 0xfc, 0xff, 0xff, 0xff, 0xfc, 0x7f, 0xff, 0xff, 0xf8, 0x7f, 0xff, 0xff, 0xf8, 0x1f, 0xff,
    0xff, 0xe0, 0x00, 0xff, 0xf8, 0x00, 0x00, 0x3f, 0xf0, 0x00, 0x00, 0x0f, 0xc0, 0x00};
// '408_fill', 32x32px
const unsigned char Bitmap_408_fill[] PROGMEM = {
    0x00, 0x01, 0x80, 0x00, 0x00, 0x01, 0x80, 0x00, 0x00, 0x0f, 0xf0, 0x00, 0x00, 0x7f, 0xfe, 0x00, 0x01, 0xff, 0xff,
    0x80, 0x07, 0xff, 0xff, 0xe0, 0x0f, 0xff, 0xff, 0xf0, 0x1f, 0xff, 0xff, 0xf8, 0x3f, 0xff, 0xff, 0xfc, 0x3f, 0xff,
    0xff, 0xfc, 0x7f, 0xff, 0xff, 0xfe, 0x7f, 0xff, 0xff, 0xfe, 0xff, 0xff, 0xff, 0xff, 0xe1, 0xfd, 0xbf, 0x87, 0x00,
    0x31, 0x8c, 0x00, 0x00, 0x01, 0x80, 0x00, 0x00, 0x01, 0x80, 0xc0, 0x00, 0x01, 0x83, 0xf0, 0x00, 0x01, 0x81, 0xe0,
    0x00, 0x01, 0x81, 0xe0, 0x03, 0x01, 0x81, 0xe0, 0x0f, 0xc1, 0x80, 0xc0, 0x07, 0x81, 0x80, 0x00, 0x07, 0x81, 0x80,
    0x00, 0x07, 0x81, 0x80, 0xc0, 0x03, 0x01, 0x83, 0xf0, 0x00, 0x01, 0x81, 0xe0, 0x00, 0x01, 0x81, 0xe0, 0x00, 0x01,
    0x81, 0xe0, 0x00, 0x01, 0x80, 0xc0, 0x00, 0x01, 0x80, 0x00, 0x00, 0x01, 0x80, 0x00};
// '307_fill', 32x32px
const unsigned char Bitmap_307_fill[] PROGMEM = {
    0x00, 0x07, 0xe0, 0x00, 0x00, 0x3f, 0xf8, 0x00, 0x00, 0x7f, 0xfc, 0x00, 0x00, 0xff, 0xfe, 0x00, 0x00, 0xff, 0xff,
    0x00, 0x0f, 0xff, 0xff, 0xf0, 0x3f, 0xff, 0xff, 0xfc, 0x7f, 0xff, 0xff, 0xfe, 0x7f, 0xff, 0xff, 0xfe, 0xff, 0xff,
    0xff, 0xff, 0xff, 0xff, 0xff, 0xff, 0xff, 0xff, 0xff, 0xff, 0xff, 0xff, 0xff, 0xff, 0x7f, 0xff, 0xff, 0xfe, 0x7f,
    0xff, 0xff, 0xfe, 0x3f, 0xff, 0xff, 0xfc, 0x0f, 0xff, 0xff, 0xf0, 0x00, 0x7f, 0xfc, 0x00, 0x00, 0x1f, 0xf8, 0x00,
    0x00, 0x07, 0xe0, 0x00, 0x00, 0x00, 0x00, 0x00, 0x00, 0x00, 0x00, 0x00, 0x18, 0x00, 0x00, 0x18, 0x18, 0x00, 0x00,
    0x18, 0x3c, 0x00, 0x00, 0x3c, 0x3c, 0x00, 0x00, 0x3c, 0x18, 0x00, 0x00, 0x18, 0x00, 0x18, 0x18, 0x00, 0x00, 0x18,
    0x18, 0x00, 0x00, 0x3c, 0x3c, 0x00, 0x00, 0x3c, 0x3c, 0x00, 0x00, 0x18, 0x18, 0x00};
// '456_fill', 32x32px
const unsigned char Bitmap_456_fill[] PROGMEM = {
    0x00, 0x00, 0x06, 0x00, 0x00, 0x00, 0x0e, 0x00, 0x00, 0x00, 0x1e, 0x00, 0x00, 0x00, 0x1e, 0x00, 0x00, 0x00, 0x36,
    0x00, 0x00, 0x00, 0x37, 0x00, 0x00, 0x00, 0x13, 0x00, 0x00, 0x0f, 0xc1, 0xc0, 0x00, 0x3f, 0xf0, 0xf0, 0x00, 0xff,
    0xf8, 0x7e, 0x00, 0xff, 0xfc, 0x1e, 0x03, 0xff, 0xfe, 0x0c, 0x3f, 0xff, 0xff, 0xf0, 0x7f, 0xff, 0xff, 0xf8, 0x7f,
    0xff, 0xff, 0xf8, 0xff, 0xff, 0xff, 0xfc, 0xff, 0xff, 0xff, 0xfc, 0xff, 0xff, 0xff, 0xfc, 0xff, 0xff, 0xff, 0xfc,
    0x7f, 0xff, 0xff, 0xf8, 0x7f, 0xff, 0xff, 0xf8, 0x1f, 0xff, 0xff, 0xe0, 0x00, 0xff, 0xf8, 0x00, 0x00, 0x3f, 0xf0,
    0x00, 0x00, 0x0f, 0xc0, 0x00, 0x00, 0x00, 0x00, 0x00, 0x00, 0x00, 0x08, 0x00, 0x00, 0xc0, 0x3e, 0x00, 0x00, 0xe0,
    0x3c, 0x00, 0x01, 0xe0, 0x3c, 0x00, 0x01, 0xe0, 0x3e, 0x00, 0x00, 0xc0, 0x08, 0x00};
// '457_fill', 32x32px
const unsigned char Bitmap_457_fill[] PROGMEM = {
    0x00, 0x00, 0x06, 0x00, 0x00, 0x00, 0x0e, 0x00, 0x00, 0x00, 0x1e, 0x00, 0x00, 0x00, 0x1e, 0x00, 0x00, 0x00, 0x36,
    0x00, 0x00, 0x00, 0x37, 0x00, 0x00, 0x00, 0x13, 0x00, 0x00, 0x0f, 0xc1, 0xc0, 0x00, 0x3f, 0xf0, 0xf0, 0x00, 0xff,
    0xf8, 0x7e, 0x00, 0xff, 0xfc, 0x1e, 0x03, 0xff, 0xfe, 0x0c, 0x3f, 0xff, 0xff, 0xf0, 0x7f, 0xff, 0xff, 0xf8, 0x7f,
    0xff, 0xff, 0xf8, 0xff, 0xff, 0xff, 0xfc, 0xff, 0xff, 0xff, 0xfc, 0xff, 0xff, 0xff, 0xfc, 0xff, 0xff, 0xff, 0xfc,
    0x7f, 0xff, 0xff, 0xf8, 0x7f, 0xff, 0xff, 0xf8, 0x1f, 0xff, 0xff, 0xe0, 0x00, 0xff, 0xf8, 0x00, 0x00, 0x3f, 0xf0,
    0x00, 0x00, 0x0f, 0xc0, 0x00, 0x00, 0x00, 0x00, 0x00, 0x00, 0x60, 0x18, 0x00, 0x01, 0xf8, 0x7e, 0x00, 0x00, 0xf0,
    0x3c, 0x00, 0x00, 0xf0, 0x3c, 0x00, 0x01, 0xf0, 0x7c, 0x00, 0x00, 0x60, 0x18, 0x00};
// '152_fill', 32x32px
const unsigned char Bitmap_152_fill[] PROGMEM = {
    0x00, 0x03, 0x00, 0x00, 0x00, 0x07, 0x00, 0x00, 0x00, 0x0f, 0x00, 0x00, 0x00, 0x1f, 0x00, 0x00, 0x00, 0x3f, 0x00,
    0x00, 0x00, 0x3f, 0x00, 0x00, 0x00, 0x7f, 0x00, 0x00, 0x00, 0x7f, 0x00, 0x00, 0x00, 0xff, 0x00, 0x00, 0x00, 0xff,
    0x80, 0x00, 0x00, 0xff, 0x80, 0x00, 0x00, 0xff, 0xc0, 0x00, 0x00, 0xff, 0xc0, 0x00, 0x00, 0xff, 0xe0, 0x00, 0x00,
    0x7f, 0xf8, 0x00, 0x00, 0x7f, 0xfc, 0x00, 0x00, 0x7f, 0xff, 0x81, 0x00, 0x3f, 0xff, 0xff, 0x00, 0x03, 0xff, 0xfe,
    0x00, 0x00, 0xff, 0xfe, 0x00, 0xf0, 0x7f, 0xfc, 0x03, 0xfc, 0x0f, 0xf0, 0x06, 0x06, 0x07, 0xe0, 0x3c, 0x03, 0xc3,
    0x00, 0x60, 0x00, 0x60, 0x00, 0xc0, 0x00, 0x30, 0x00, 0xc0, 0x00, 0x30, 0x00, 0xc0, 0x00, 0x30, 0x00, 0x40, 0x00,
    0x20, 0x00, 0x7e, 0x07, 0xe0, 0x00, 0x03, 0xdc, 0x00, 0x00, 0x00, 0xf0, 0x00, 0x00};
// '402_fill', 32x32px
const unsigned char Bitmap_402_fill[] PROGMEM = {
    0x00, 0x07, 0xe0, 0x00, 0x00, 0x3f, 0xf8, 0x00, 0x00, 0x7f, 0xfc, 0x00, 0x00, 0xff, 0xfe, 0x00, 0x00, 0xff, 0xff,
    0x00, 0x0f, 0xff, 0xff, 0xf0, 0x3f, 0xff, 0xff, 0xfc, 0x7f, 0xff, 0xff, 0xfe, 0x7f, 0xff, 0xff, 0xfe, 0xff, 0xff,
    0xff, 0xff, 0xff, 0xff, 0xff, 0xff, 0xff, 0xff, 0xff, 0xff, 0xff, 0xff, 0xff, 0xff, 0x7f, 0xff, 0xff, 0xfe, 0x7f,
    0xff, 0xff, 0xfe, 0x3f, 0xff, 0xff, 0xfc, 0x0f, 0xff, 0xff, 0xf0, 0x00, 0x7f, 0xfc, 0x00, 0x00, 0x1f, 0xf8, 0x00,
    0x00, 0x07, 0xe0, 0x00, 0x30, 0x00, 0x00, 0x0c, 0xfc, 0x00, 0x00, 0x3f, 0x78, 0x00, 0x00, 0x1e, 0x78, 0x00, 0x00,
    0x1e, 0x78, 0x30, 0x0c, 0x1e, 0x30, 0xfc, 0x3f, 0x0c, 0x00, 0x78, 0x1e, 0x00, 0x00, 0x78, 0x1e, 0x00, 0x00, 0x78,
    0x1e, 0x00, 0x00, 0x30, 0x0c, 0x00, 0x00, 0x00, 0x00, 0x00, 0x00, 0x00, 0x00, 0x00};
// '403_fill', 32x32px
const unsigned char Bitmap_403_fill[] PROGMEM = {
    0x00, 0x07, 0xe0, 0x00, 0x00, 0x3f, 0xf8, 0x00, 0x00, 0x7f, 0xfc, 0x00, 0x00, 0xff, 0xfe, 0x00, 0x00, 0xff, 0xff,
    0x00, 0x0f, 0xff, 0xff, 0xf0, 0x3f, 0xff, 0xff, 0xfc, 0x7f, 0xff, 0xff, 0xfe, 0x7f, 0xff, 0xff, 0xfe, 0xff, 0xff,
    0xff, 0xff, 0xff, 0xff, 0xff, 0xff, 0xff, 0xff, 0xff, 0xff, 0xff, 0xff, 0xff, 0xff, 0x7f, 0xff, 0xff, 0xfe, 0x7f,
    0xff, 0xff, 0xfe, 0x3f, 0xff, 0xff, 0xfc, 0x0f, 0xff, 0xff, 0xf0, 0x00, 0x7f, 0xfc, 0x00, 0x00, 0x1f, 0xf8, 0x00,
    0x00, 0x07, 0xe0, 0x00, 0x30, 0x00, 0x00, 0x0c, 0xfc, 0x00, 0x00, 0x3f, 0x78, 0x00, 0x00, 0x1e, 0x78, 0x00, 0x00,
    0x1e, 0x78, 0xc0, 0x03, 0x1e, 0x33, 0xf0, 0x0f, 0xcc, 0x01, 0xe1, 0x87, 0x80, 0x01, 0xe7, 0xe7, 0x80, 0x01, 0xe3,
    0xc7, 0x80, 0x00, 0xc3, 0xc3, 0x00, 0x00, 0x03, 0xc0, 0x00, 0x00, 0x01, 0x80, 0x00};
// '409_fill', 32x32px
const unsigned char Bitmap_409_fill[] PROGMEM = {
    0x00, 0x01, 0x80, 0x00, 0x00, 0x01, 0x80, 0x00, 0x00, 0x0f, 0xf0, 0x00, 0x00, 0x7f, 0xfe, 0x00, 0x01, 0xff, 0xff,
    0x80, 0x07, 0xff, 0xff, 0xe0, 0x0f, 0xff, 0xff, 0xf0, 0x1f, 0xff, 0xff, 0xf8, 0x3f, 0xff, 0xff, 0xfc, 0x3f, 0xff,
    0xff, 0xfc, 0x7f, 0xff, 0xff, 0xfe, 0x7f, 0xff, 0xff, 0xfe, 0xff, 0xff, 0xff, 0xff, 0xe1, 0xfd, 0xbf, 0x87, 0x00,
    0x31, 0x8c, 0x00, 0x00, 0x01, 0x80, 0x00, 0x00, 0x01, 0x80, 0x00, 0x00, 0x01, 0x80, 0x00, 0x30, 0x31, 0x8c, 0x0c,
    0xf8, 0xf9, 0x9f, 0x3f, 0x78, 0x79, 0x9e, 0x1e, 0x78, 0x79, 0x9e, 0x1e, 0x78, 0x79, 0x9e, 0x1e, 0x30, 0x31, 0x8c,
    0x0c, 0x00, 0x01, 0x80, 0xc0, 0x00, 0x01, 0x83, 0xf0, 0x00, 0x01, 0x81, 0xe0, 0x00, 0x01, 0x81, 0xe0, 0x00, 0x01,
    0x81, 0xe0, 0x00, 0x01, 0x80, 0xc0, 0x00, 0x01, 0x80, 0x00, 0x00, 0x01, 0x80, 0x00};
// '501_fill', 32x32px
const unsigned char Bitmap_501_fill[] PROGMEM = {
    0x00, 0x07, 0xe0, 0x00, 0x00, 0x3f, 0xf8, 0x00, 0x00, 0x7f, 0xfc, 0x00, 0x00, 0xff, 0xfe, 0x00, 0x00, 0xff, 0xff,
    0x00, 0x0f, 0xff, 0xff, 0xf0, 0x3f, 0xff, 0xff, 0xfc, 0x7f, 0xff, 0xff, 0xfe, 0x7f, 0xff, 0xff, 0xfe, 0xff, 0xff,
    0xff, 0xff, 0xff, 0xff, 0xff, 0xff, 0xff, 0xff, 0xff, 0xff, 0xff, 0xff, 0xff, 0xff, 0x7f, 0xff, 0xff, 0xfe, 0x7f,
    0xff, 0xff, 0xfe, 0x3f, 0xff, 0xff, 0xfc, 0x0f, 0xff, 0xff, 0xf0, 0x00, 0x7f, 0xfc, 0x00, 0x00, 0x1f, 0xf8, 0x00,
    0x00, 0x07, 0xe0, 0x00, 0x00, 0x00, 0x00, 0x00, 0x00, 0x00, 0x00, 0x00, 0xff, 0xff, 0xf0, 0x00, 0xff, 0xff, 0xf0,
    0x00, 0x00, 0x00, 0x00, 0x00, 0x00, 0x00, 0x00, 0x00, 0x03, 0xfc, 0xff, 0xff, 0x03, 0xfc, 0xff, 0xff, 0x00, 0x00,
    0x00, 0x00, 0x00, 0x00, 0x00, 0x00, 0x00, 0xff, 0xff, 0xf0, 0x00, 0xff, 0xff, 0xf0};
// '499_fill', 32x32px
const unsigned char Bitmap_499_fill[] PROGMEM = {
    0x00, 0x01, 0x80, 0x00, 0x00, 0x01, 0x80, 0x00, 0x00, 0x0d, 0xb0, 0x00, 0x00, 0x0f, 0xf0, 0x00, 0x00, 0x07, 0xe0,
    0x00, 0x00, 0x03, 0xc0, 0x00, 0x06, 0x01, 0x80, 0x60, 0x06, 0x01, 0x80, 0x60, 0x3f, 0x01, 0x80, 0xfc, 0x1f, 0x01,
    0x80, 0xf8, 0x0f, 0x83, 0xc1, 0xf0, 0x1f, 0xcf, 0xf3, 0xf8, 0x3c, 0xff, 0xff, 0x3c, 0x00, 0x3f, 0xfc, 0x00, 0x00,
    0x3f, 0xfc, 0x00, 0x00, 0x3f, 0xfc, 0x00, 0x00, 0x3f, 0xfc, 0x00, 0x00, 0x3f, 0xfc, 0x00, 0x00, 0x3f, 0xfc, 0x00,
    0x3c, 0xff, 0xff, 0x3c, 0x1f, 0xcf, 0xf3, 0xf8, 0x0f, 0x83, 0xc1, 0xf0, 0x1f, 0x01, 0x80, 0xf8, 0x3f, 0x01, 0x80,
    0xfc, 0x06, 0x01, 0x80, 0x60, 0x06, 0x01, 0x80, 0x60, 0x00, 0x03, 0xc0, 0x00, 0x00, 0x07, 0xe0, 0x00, 0x00, 0x0f,
    0xf0, 0x00, 0x00, 0x0d, 0xb0, 0x00, 0x00, 0x01, 0x80, 0x00, 0x00, 0x01, 0x80, 0x00};
// '507_fill', 32x32px
const unsigned char Bitmap_507_fill[] PROGMEM = {
    0x00, 0x07, 0xe0, 0x00, 0x00, 0x1f, 0xf8, 0x00, 0x00, 0x3f, 0xfe, 0x00, 0x00, 0x7f, 0xff, 0x00, 0x00, 0xf8, 0x1f,
    0x80, 0x00, 0xf0, 0x0f, 0x80, 0x00, 0xf0, 0x02, 0x00, 0x00, 0xf0, 0x00, 0x00, 0x00, 0xf0, 0x00, 0x00, 0x00, 0xf8,
    0x00, 0x00, 0x00, 0x78, 0x00, 0x00, 0x00, 0x7e, 0x00, 0x00, 0x00, 0x3f, 0x00, 0x00, 0x00, 0x1f, 0xc0, 0x0c, 0x7f,
    0xff, 0xff, 0xfe, 0xff, 0xff, 0xff, 0xff, 0xff, 0xff, 0xff, 0xfe, 0x7f, 0xff, 0xff, 0xfc, 0x00, 0x00, 0x3f, 0x08,
    0x00, 0x00, 0x1f, 0x80, 0x00, 0x00, 0x0f, 0x80, 0x00, 0x00, 0x07, 0xc0, 0x00, 0x00, 0x07, 0xc0, 0x00, 0x00, 0x03,
    0xc0, 0x01, 0x80, 0x03, 0xc0, 0x03, 0xc0, 0x07, 0xc0, 0x03, 0xe0, 0x07, 0x80, 0x01, 0xf0, 0x1f, 0x80, 0x00, 0xfe,
    0x7f, 0x00, 0x00, 0x7f, 0xfe, 0x00, 0x00, 0x3f, 0xfc, 0x00, 0x00, 0x07, 0xe0, 0x00};
// '406_fill', 32x32px
const unsigned char Bitmap_406_fill[] PROGMEM = {
    0x00, 0x20, 0x00, 0x00, 0x00, 0x60, 0x00, 0x00, 0x00, 0x20, 0x00, 0x00, 0x18, 0x21, 0xc0, 0x00, 0x1c, 0x01, 0x80,
    0x00, 0x0c, 0xf9, 0x00, 0x00, 0x01, 0xf8, 0x00, 0x00, 0x03, 0x03, 0xf0, 0x00, 0x06, 0x0f, 0xfc, 0x00, 0x76, 0x3f,
    0xfe, 0x00, 0x70, 0x3f, 0xff, 0x00, 0x00, 0xff, 0xff, 0x80, 0x0f, 0xff, 0xff, 0xfc, 0x1f, 0xff, 0xff, 0xfe, 0x1f,
    0xff, 0xff, 0xfe, 0x3f, 0xff, 0xff, 0xff, 0x3f, 0xff, 0xff, 0xff, 0x3f, 0xff, 0xff, 0xff, 0x3f, 0xff, 0xff, 0xff,
    0x1f, 0xff, 0xff, 0xfe, 0x1f, 0xff, 0xff, 0xfe, 0x07, 0xff, 0xff, 0xf8, 0x00, 0x3f, 0xfe, 0x00, 0x00, 0x0f, 0xfc,
    0x00, 0x00, 0x03, 0xf0, 0x00, 0x00, 0x00, 0x00, 0x00, 0x00, 0x00, 0x02, 0x00, 0x00, 0x30, 0x0f, 0x80, 0x00, 0x38,
    0x0f, 0x00, 0x00, 0x78, 0x0f, 0x00, 0x00, 0x78, 0x0f, 0x80, 0x00, 0x30, 0x02, 0x00};
// '503_fill', 32x32px
const unsigned char Bitmap_503_fill[] PROGMEM = {
    0x00, 0x00, 0x00, 0x00, 0x00, 0x00, 0x00, 0x00, 0x03, 0x83, 0x80, 0x00, 0x03, 0x83, 0x81, 0x80, 0x03, 0x83, 0x80,
    0xe0, 0x00, 0x00, 0x00, 0x78, 0x00, 0x38, 0x00, 0x3c, 0x00, 0x38, 0x00, 0x3e, 0x00, 0x38, 0x38, 0x3f, 0x00, 0x00,
    0x38, 0x3f, 0x0e, 0x00, 0x38, 0x3f, 0x0e, 0x00, 0x00, 0x7f, 0x0e, 0x38, 0x00, 0xfe, 0x00, 0x38, 0x01, 0xfe, 0x00,
    0x38, 0x07, 0xfc, 0x00, 0x00, 0x1f, 0xf0, 0x00, 0x01, 0xff, 0xf8, 0x0f, 0xff, 0xfe, 0x78, 0x01, 0xff, 0xe0, 0x78,
    0x00, 0x00, 0x00, 0xf8, 0x38, 0x30, 0x01, 0xf8, 0x38, 0x30, 0x03, 0xf0, 0x38, 0x00, 0x0f, 0xe0, 0x00, 0x00, 0xff,
    0xc0, 0x00, 0x7f, 0xf8, 0xe0, 0x00, 0x00, 0x01, 0xe0, 0x00, 0x00, 0x03, 0xc0, 0x00, 0x00, 0x07, 0xc0, 0x0e, 0x00,
    0x3f, 0x00, 0x0e, 0x0f, 0xf8, 0x00, 0x0e, 0x00, 0x00, 0x00, 0x00, 0x00, 0x00, 0x00};
// '405_fill', 32x32px
const unsigned char Bitmap_405_fill[] PROGMEM = {
    0x00, 0x07, 0xe0, 0x00, 0x00, 0x3f, 0xf8, 0x00, 0x00, 0x7f, 0xfc, 0x00, 0x00, 0xff, 0xfe, 0x00, 0x00, 0xff, 0xff,
    0x00, 0x0f, 0xff, 0xff, 0xf0, 0x3f, 0xff, 0xff, 0xfc, 0x7f, 0xff, 0xff, 0xfe, 0x7f, 0xff, 0xff, 0xfe, 0xff, 0xff,
    0xff, 0xff, 0xff, 0xff, 0xff, 0xff, 0xff, 0xff, 0xff, 0xff, 0xff, 0xff, 0xff, 0xff, 0x7f, 0xff, 0xff, 0xfe, 0x7f,
    0xff, 0xff, 0xfe, 0x3f, 0xff, 0xff, 0xfc, 0x0f, 0xff, 0xff, 0xf0, 0x00, 0x7f, 0xfc, 0x00, 0x00, 0x1f, 0xf8, 0x00,
    0x00, 0x07, 0xe0, 0x00, 0x00, 0x00, 0x00, 0x00, 0x00, 0x00, 0x00, 0x00, 0x00, 0x00, 0x00, 0x00, 0x00, 0x00, 0x00,
    0x00, 0x00, 0x00, 0x30, 0x0c, 0x60, 0x60, 0xfc, 0x3f, 0x60, 0x60, 0x78, 0x1e, 0xf0, 0xf0, 0x78, 0x1e, 0xf0, 0xf0,
    0x78, 0x1e, 0x60, 0x60, 0x30, 0x0c, 0x00, 0x00, 0x00, 0x00, 0x00, 0x00, 0x00, 0x00};
// '510_fill', 32x32px
const unsigned char Bitmap_510_fill[] PROGMEM = {
    0x00, 0x07, 0xe0, 0x00, 0x00, 0x3f, 0xf8, 0x00, 0x00, 0x7f, 0xfc, 0x00, 0x00, 0xff, 0xfe, 0x00, 0x00, 0xff, 0xff,
    0x00, 0x0f, 0xff, 0xf0, 0x00, 0x3f, 0xff, 0xff, 0xfc, 0x7f, 0xff, 0x00, 0x0e, 0x7f, 0xff, 0xff, 0xfe, 0xff, 0xff,
    0xf0, 0x00, 0xff, 0xff, 0xff, 0xff, 0xff, 0xff, 0xff, 0xff, 0xff, 0xff, 0xff, 0xff, 0x7f, 0xff, 0xff, 0xfe, 0x7f,
    0xff, 0xff, 0xfe, 0x3f, 0xff, 0xff, 0xfc, 0x0f, 0xff, 0xff, 0xf0, 0x00, 0x7f, 0xfc, 0x00, 0x00, 0x1f, 0xf8, 0x00,
    0x00, 0x07, 0xe0, 0x00, 0x00, 0x00, 0x00, 0x00, 0x00, 0x00, 0x00, 0x00, 0xff, 0xff, 0xf0, 0x00, 0x00, 0x00, 0x00,
    0x00, 0x00, 0x00, 0x00, 0x00, 0x03, 0xfc, 0xff, 0xff, 0x00, 0x00, 0x00, 0x00, 0x00, 0x00, 0x00, 0x00, 0x3f, 0xff,
    0xcf, 0xf0, 0x00, 0x00, 0x00, 0x00, 0x00, 0x00, 0x00, 0x00, 0x03, 0xff, 0xff, 0xc0};
// '504_fill', 32x32px
const unsigned char Bitmap_504_fill[] PROGMEM = {
    0x00, 0x00, 0x00, 0x00, 0x00, 0x00, 0x00, 0x00, 0x00, 0x0c, 0x00, 0x00, 0x00, 0x0c, 0x03, 0x00, 0x18, 0x00, 0x01,
    0xc0, 0x3c, 0x00, 0x00, 0xf0, 0x3c, 0x00, 0x60, 0x78, 0x18, 0x00, 0xf0, 0x7c, 0x00, 0x00, 0xf0, 0x3e, 0x00, 0x00,
    0x60, 0x3e, 0x00, 0x60, 0x00, 0x3f, 0x00, 0xf0, 0x00, 0x3f, 0x00, 0xf0, 0x00, 0x3f, 0x00, 0x60, 0x00, 0x7f, 0x00,
    0x03, 0x00, 0x7f, 0x00, 0x03, 0x00, 0xfe, 0x0c, 0x00, 0x01, 0xfe, 0x0c, 0x00, 0x03, 0xfc, 0x00, 0x00, 0x07, 0xf8,
    0x00, 0x00, 0x1f, 0xf0, 0x00, 0x00, 0xff, 0xe0, 0x20, 0x0f, 0xff, 0x80, 0x0f, 0xff, 0xfc, 0x00, 0x00, 0xff, 0xc0,
    0x00, 0x00, 0x00, 0x00, 0x18, 0x00, 0x00, 0x00, 0x38, 0x00, 0x00, 0x1c, 0x30, 0x00, 0x00, 0x3e, 0x00, 0x00, 0x06,
    0x3e, 0x00, 0x00, 0x0e, 0x3e, 0x00, 0x00, 0x0c, 0x1c, 0x00, 0x00, 0x00, 0x00, 0x00};
// '508_fill', 32x32px
const unsigned char Bitmap_508_fill[] PROGMEM = {
    0x00, 0x07, 0xe0, 0x00, 0x00, 0x1f, 0xf8, 0x00, 0x00, 0x3f, 0xfe, 0x00, 0x00, 0x7f, 0xff, 0x00, 0x00, 0xf8, 0x1f,
    0x80, 0x00, 0xf0, 0x0f, 0x80, 0x00, 0xf0, 0x02, 0x00, 0x00, 0xf0, 0x00, 0x00, 0x00, 0xf0, 0x00, 0x00, 0x00, 0xf8,
    0x00, 0x08, 0x7f, 0xff, 0xff, 0xfc, 0xff, 0xff, 0xff, 0xff, 0xff, 0xff, 0xff, 0xff, 0x7f, 0xff, 0xff, 0xfc, 0x00,
    0x0f, 0xe0, 0x08, 0x00, 0x03, 0xf0, 0x00, 0x00, 0x01, 0xfc, 0x00, 0x00, 0x00, 0x7e, 0x08, 0x7f, 0xff, 0xff, 0xfc,
    0xff, 0xff, 0xff, 0xff, 0xff, 0xff, 0xff, 0xff, 0x7f, 0xff, 0xff, 0xfc, 0x00, 0x00, 0x07, 0xc8, 0x00, 0x00, 0x03,
    0xc0, 0x01, 0x80, 0x03, 0xc0, 0x03, 0xc0, 0x07, 0xc0, 0x03, 0xe0, 0x07, 0x80, 0x01, 0xf0, 0x1f, 0x80, 0x00, 0xfe,
    0x7f, 0x00, 0x00, 0x7f, 0xfe, 0x00, 0x00, 0x3f, 0xfc, 0x00, 0x00, 0x07, 0xe0, 0x00};
// '514_fill', 32x32px
const unsigned char Bitmap_514_fill[] PROGMEM = {
    0x00, 0x07, 0xe0, 0x00, 0x00, 0x1f, 0xf8, 0x00, 0x00, 0x7f, 0xfc, 0x00, 0x00, 0xff, 0xfe, 0x00, 0x00, 0xfc, 0x00,
    0x00, 0x0f, 0xfc, 0x00, 0x00, 0x3f, 0xff, 0xff, 0xfc, 0x7f, 0xff, 0xff, 0xfe, 0x7f, 0xff, 0xf0, 0x00, 0xff, 0xff,
    0xf0, 0x00, 0xff, 0xff, 0xff, 0xff, 0xff, 0xff, 0xff, 0xff, 0xff, 0xff, 0xff, 0xff, 0x7f, 0xff, 0xff, 0xfe, 0x7f,
    0xff, 0xff, 0xfe, 0x3f, 0xff, 0xff, 0xfc, 0x0f, 0xff, 0xff, 0xf0, 0x00, 0x7f, 0xfc, 0x00, 0x00, 0x1f, 0xf8, 0x00,
    0x00, 0x07, 0xe0, 0x00, 0x00, 0x00, 0x00, 0x00, 0x00, 0x00, 0x00, 0x00, 0xff, 0xff, 0xf0, 0x00, 0xff, 0xff, 0xf0,
    0x00, 0x00, 0x00, 0x00, 0x00, 0x00, 0x00, 0x00, 0x00, 0x03, 0xfc, 0xff, 0xff, 0x03, 0xfc, 0xff, 0xff, 0x00, 0x00,
    0x00, 0x00, 0x00, 0x00, 0x00, 0x00, 0x00, 0xff, 0xff, 0xf0, 0x00, 0xff, 0xff, 0xf0};
// '512_fill', 32x32px
const unsigned char Bitmap_512_fill[] PROGMEM = {
    0x00, 0x00, 0x00, 0x00, 0x00, 0x00, 0x00, 0x00, 0x00, 0x00, 0x00, 0x00, 0x06, 0x00, 0x00, 0x60, 0x0f, 0x01, 0x80,
    0xf0, 0x0f, 0x03, 0xc0, 0xf0, 0x06, 0x03, 0xc0, 0x60, 0x00, 0x01, 0x80, 0x00, 0x00, 0x00, 0x00, 0x00, 0x07, 0x80,
    0x01, 0xe0, 0x1f, 0xe0, 0x07, 0xf8, 0x3f, 0xf8, 0x1f, 0xfc, 0x7f, 0xfc, 0x3f, 0xfe, 0x7f, 0xfe, 0x7f, 0xfe, 0xff,
    0xff, 0xff, 0xff, 0xff, 0xff, 0xff, 0xff, 0xff, 0xff, 0xff, 0xff, 0xff, 0xff, 0xff, 0xff, 0x7f, 0xfe, 0x7f, 0xfe,
    0x7f, 0xfc, 0x3f, 0xfe, 0x3f, 0xf0, 0x1f, 0xfc, 0x1f, 0xe0, 0x07, 0xf8, 0x07, 0x80, 0x01, 0xe0, 0x00, 0x00, 0x00,
    0x00, 0x00, 0x01, 0x80, 0x00, 0x06, 0x03, 0xc0, 0x60, 0x0f, 0x03, 0xc0, 0xf0, 0x0f, 0x01, 0x80, 0xf0, 0x06, 0x00,
    0x00, 0x60, 0x00, 0x00, 0x00, 0x00, 0x00, 0x00, 0x00, 0x00, 0x00, 0x00, 0x00, 0x00};
// '900_fill', 32x32px
const unsigned char Bitmap_900_fill[] PROGMEM = {
    0x00, 0x00, 0x07, 0x80, 0x00, 0x00, 0x0f, 0xc0, 0x02, 0x00, 0x1f, 0xe0, 0x06, 0x00, 0x3f, 0xf0, 0x0e, 0x00, 0x3f,
    0xf0, 0x0e, 0x00, 0x3f, 0xf0, 0x1e, 0x60, 0x3c, 0xf0, 0x1f, 0xe0, 0x3c, 0xf0, 0x5f, 0xe0, 0x3c, 0xf0, 0xdf, 0xf0,
    0x3c, 0xf0, 0xff, 0xf0, 0x3c, 0xf0, 0xff, 0xf0, 0x3c, 0xf0, 0xff, 0xf0, 0x3c, 0xf0, 0x7f, 0xe0, 0x3c, 0xf0, 0x7f,
    0xe0, 0x3c, 0xf0, 0x3f, 0xc0, 0x3c, 0xf0, 0x0f, 0x00, 0x7c, 0xf8, 0x00, 0x00, 0xfc, 0xfc, 0x00, 0x01, 0xfc, 0xfe,
    0x00, 0x01, 0xf8, 0x7e, 0x00, 0x01, 0xf0, 0x3e, 0x00, 0x03, 0xe0, 0x1f, 0x00, 0x03, 0xe0, 0x1f, 0x00, 0x03, 0xe0,
    0x1f, 0x00, 0x03, 0xe0, 0x1f, 0x00, 0x03, 0xf0, 0x3f, 0x00, 0x01, 0xf8, 0x7e, 0x00, 0x01, 0xff, 0xfe, 0x00, 0x00,
    0xff, 0xfc, 0x00, 0x00, 0x7f, 0xf8, 0x00, 0x00, 0x3f, 0xf0, 0x00, 0x00, 0x07, 0x80};
// '513_fill', 32x32px
const unsigned char Bitmap_513_fill[] PROGMEM = {
    0x00, 0x00, 0x00, 0x00, 0x00, 0x00, 0x00, 0x00, 0x00, 0x00, 0x00, 0x00, 0x18, 0x00, 0x00, 0x18, 0x3c, 0x18, 0x18,
    0x3c, 0x3c, 0x3c, 0x3c, 0x3c, 0x18, 0x3c, 0x3c, 0x18, 0x00, 0x18, 0x18, 0x00, 0x00, 0x00, 0x00, 0x00, 0x07, 0x80,
    0x01, 0xe0, 0x1f, 0xe0, 0x07, 0xf8, 0x3f, 0xf8, 0x1f, 0xfc, 0x7f, 0xfc, 0x3f, 0xfe, 0x7f, 0xfe, 0x7f, 0xfe, 0xff,
    0xff, 0xff, 0xff, 0xff, 0xff, 0xff, 0xff, 0xff, 0xff, 0xff, 0xff, 0xff, 0xff, 0xff, 0xff, 0x7f, 0xfe, 0x7f, 0xfe,
    0x7f, 0xfc, 0x3f, 0xfe, 0x3f, 0xf0, 0x1f, 0xfc, 0x1f, 0xe0, 0x07, 0xf8, 0x07, 0x80, 0x01, 0xe0, 0x00, 0x00, 0x00,
    0x00, 0x00, 0x18, 0x18, 0x00, 0x18, 0x3c, 0x3c, 0x18, 0x3c, 0x3c, 0x3c, 0x3c, 0x3c, 0x18, 0x18, 0x3c, 0x18, 0x00,
    0x00, 0x18, 0x00, 0x00, 0x00, 0x00, 0x00, 0x00, 0x00, 0x00, 0x00, 0x00, 0x00, 0x00};
// '153_fill', 32x32px
const unsigned char Bitmap_153_fill[] PROGMEM = {
    0x00, 0x00, 0x00, 0x00, 0x00, 0x01, 0x00, 0x00, 0x00, 0x07, 0x00, 0x00, 0x00, 0x0f, 0x00, 0x00, 0x00, 0x1f, 0x00,
    0x00, 0x00, 0x3f, 0x00, 0x00, 0x00, 0x3f, 0x80, 0x00, 0x00, 0x7f, 0x80, 0x00, 0x00, 0x7f, 0x80, 0x00, 0x00, 0xff,
    0x80, 0x00, 0x00, 0xff, 0xc0, 0x00, 0x00, 0xff, 0xe0, 0x00, 0x00, 0xff, 0xf0, 0x00, 0x00, 0xff, 0xf8, 0x00, 0x00,
    0xff, 0xfc, 0x00, 0x00, 0xff, 0xff, 0x83, 0x00, 0x7f, 0xff, 0xff, 0x00, 0x7f, 0xff, 0xfe, 0x00, 0x30, 0x0f, 0xfe,
    0x00, 0x00, 0x01, 0xfc, 0x00, 0x03, 0xe0, 0x3c, 0x00, 0x0f, 0xf8, 0x18, 0x00, 0x3c, 0x1f, 0x80, 0x03, 0xf0, 0x0f,
    0xc0, 0x0f, 0x00, 0x00, 0x60, 0x7c, 0x00, 0x00, 0x30, 0xe0, 0x00, 0x00, 0x30, 0xc0, 0x00, 0x00, 0x30, 0xe0, 0x00,
    0x00, 0x60, 0x7e, 0x18, 0x1f, 0xe0, 0x3f, 0xff, 0xff, 0x80, 0x00, 0xc3, 0xe0, 0x00};
// '150_fill', 32x32px
const unsigned char Bitmap_150_fill[] PROGMEM = {
    0x00, 0x60, 0x00, 0x00, 0x01, 0xe0, 0x00, 0x00, 0x03, 0xe0, 0x00, 0x00, 0x07, 0xe0, 0x00, 0x00, 0x0f, 0xe0, 0x00,
    0x00, 0x1f, 0xc0, 0x00, 0x00, 0x1f, 0xc0, 0x00, 0x00, 0x3f, 0xc0, 0x00, 0x00, 0x7f, 0xc0, 0x00, 0x00, 0x7f, 0xe0,
    0x00, 0x00, 0x7f, 0xe0, 0x00, 0x00, 0xff, 0xe0, 0x00, 0x00, 0xff, 0xe0, 0x00, 0x00, 0xff, 0xf0, 0x00, 0x00, 0xff,
    0xf0, 0x00, 0x00, 0xff, 0xf8, 0x00, 0x00, 0xff, 0xfc, 0x00, 0x00, 0xff, 0xfe, 0x00, 0x00, 0xff, 0xff, 0x00, 0x00,
    0x7f, 0xff, 0x80, 0x00, 0x7f, 0xff, 0xf0, 0x00, 0x7f, 0xff, 0xfc, 0x00, 0x3f, 0xff, 0xff, 0xff, 0x3f, 0xff, 0xff,
    0xff, 0x1f, 0xff, 0xff, 0xfe, 0x0f, 0xff, 0xff, 0xfc, 0x0f, 0xff, 0xff, 0xfc, 0x03, 0xff, 0xff, 0xf8, 0x01, 0xff,
    0xff, 0xe0, 0x00, 0xff, 0xff, 0xc0, 0x00, 0x3f, 0xff, 0x00, 0x00, 0x07, 0xf8, 0x00};
// '306_fill', 32x32px
const unsigned char Bitmap_306_fill[] PROGMEM = {
    0x00, 0x07, 0xe0, 0x00, 0x00, 0x3f, 0xf8, 0x00, 0x00, 0x7f, 0xfc, 0x00, 0x00, 0xff, 0xfe, 0x00, 0x00, 0xff, 0xff,
    0x00, 0x0f, 0xff, 0xff, 0xf0, 0x3f, 0xff, 0xff, 0xfc, 0x7f, 0xff, 0xff, 0xfe, 0x7f, 0xff, 0xff, 0xfe, 0xff, 0xff,
    0xff, 0xff, 0xff, 0xff, 0xff, 0xff, 0xff, 0xff, 0xff, 0xff, 0xff, 0xff, 0xff, 0xff, 0x7f, 0xff, 0xff, 0xfe, 0x7f,
    0xff, 0xff, 0xfe, 0x3f, 0xff, 0xff, 0xfc, 0x0f, 0xff, 0xff, 0xf0, 0x00, 0x7f, 0xfc, 0x00, 0x00, 0x1f, 0xf8, 0x00,
    0x00, 0x07, 0xe0, 0x00, 0x00, 0x00, 0x00, 0x00, 0x00, 0x00, 0x00, 0x00, 0x00, 0x00, 0x00, 0x00, 0x06, 0x00, 0x00,
    0x60, 0x06, 0x00, 0x00, 0x60, 0x0f, 0x00, 0x00, 0xf0, 0x0f, 0x00, 0x00, 0xf0, 0x06, 0x01, 0x80, 0x60, 0x00, 0x01,
    0x80, 0x00, 0x00, 0x03, 0xc0, 0x00, 0x00, 0x03, 0xc0, 0x00, 0x00, 0x01, 0x80, 0x00};
// '404_fill', 32x32px
const unsigned char Bitmap_404_fill[] PROGMEM = {
    0x00, 0x07, 0xe0, 0x00, 0x00, 0x3f, 0xf8, 0x00, 0x00, 0x7f, 0xfc, 0x00, 0x00, 0xff, 0xfe, 0x00, 0x00, 0xff, 0xff,
    0x00, 0x0f, 0xff, 0xff, 0xf0, 0x3f, 0xff, 0xff, 0xfc, 0x7f, 0xff, 0xff, 0xfe, 0x7f, 0xff, 0xff, 0xfe, 0xff, 0xff,
    0xff, 0xff, 0xff, 0xff, 0xff, 0xff, 0xff, 0xff, 0xff, 0xff, 0xff, 0xff, 0xff, 0xff, 0x7f, 0xff, 0xff, 0xfe, 0x7f,
    0xff, 0xff, 0xfe, 0x3f, 0xff, 0xff, 0xfc, 0x0f, 0xff, 0xff, 0xf0, 0x00, 0x7f, 0xfc, 0x00, 0x00, 0x1f, 0xf8, 0x00,
    0x00, 0x07, 0xe0, 0x00, 0x00, 0x00, 0x00, 0x00, 0x00, 0x00, 0x00, 0x00, 0x00, 0x00, 0x00, 0x00, 0x18, 0x00, 0x00,
    0x18, 0x18, 0x00, 0x00, 0x18, 0x3c, 0x00, 0x00, 0x3c, 0x3c, 0x30, 0x0c, 0x3c, 0x18, 0xfc, 0x3f, 0x18, 0x00, 0x78,
    0x1e, 0x00, 0x00, 0x78, 0x1e, 0x00, 0x00, 0x78, 0x1e, 0x00, 0x00, 0x30, 0x0c, 0x00};
// '509_fill', 32x32px
const unsigned char Bitmap_509_fill[] PROGMEM = {
    0x00, 0x07, 0xe0, 0x00, 0x00, 0x3f, 0xf8, 0x00, 0x00, 0x7f, 0xfc, 0x00, 0x00, 0xff, 0xfe, 0x00, 0x00, 0xff, 0xff,
    0x00, 0x0f, 0xff, 0xff, 0xf0, 0x3f, 0xff, 0xff, 0xfc, 0x7f, 0xff, 0xff, 0xfe, 0x7f, 0xff, 0xff, 0xfe, 0xff, 0xff,
    0xff, 0xff, 0xff, 0xff, 0xff, 0xff, 0xff, 0xff, 0xff, 0xff, 0xff, 0xff, 0xff, 0xff, 0x7f, 0xff, 0xff, 0xfe, 0x7f,
    0xff, 0xff, 0xfe, 0x3f, 0xff, 0xff, 0xfc, 0x0f, 0xff, 0xff, 0xf0, 0x00, 0x7f, 0xfc, 0x00, 0x00, 0x1f, 0xf8, 0x00,
    0x00, 0x07, 0xe0, 0x00, 0x00, 0x00, 0x00, 0x00, 0x00, 0x00, 0x00, 0x00, 0xff, 0xff, 0xf0, 0x00, 0x00, 0x00, 0x00,
    0x00, 0x00, 0x00, 0x00, 0x00, 0x03, 0xfc, 0xff, 0xff, 0x00, 0x00, 0x00, 0x00, 0x00, 0x00, 0x00, 0x00, 0x3f, 0xff,
    0xcf, 0xf0, 0x00, 0x00, 0x00, 0x00, 0x00, 0x00, 0x00, 0x00, 0x03, 0xff, 0xff, 0xc0};
// '511_fill', 32x32px
const unsigned char Bitmap_511_fill[] PROGMEM = {
    0x00, 0x00, 0x00, 0x00, 0x00, 0x00, 0x00, 0x00, 0x00, 0x00, 0x00, 0x00, 0x06, 0x00, 0x00, 0x60, 0x0f, 0x00, 0x00,
    0xf0, 0x0f, 0x00, 0x00, 0xf0, 0x06, 0x00, 0x00, 0x60, 0x00, 0x00, 0x00, 0x00, 0x00, 0x00, 0x00, 0x00, 0x07, 0x80,
    0x01, 0xe0, 0x1f, 0xe0, 0x07, 0xf8, 0x3f, 0xf8, 0x1f, 0xfc, 0x7f, 0xfc, 0x3f, 0xfe, 0x7f, 0xfe, 0x7f, 0xfe, 0xff,
    0xff, 0xff, 0xff, 0xff, 0xff, 0xff, 0xff, 0xff, 0xff, 0xff, 0xff, 0xff, 0xff, 0xff, 0xff, 0x7f, 0xfe, 0x7f, 0xfe,
    0x7f, 0xfc, 0x3f, 0xfe, 0x3f, 0xf0, 0x1f, 0xfc, 0x1f, 0xe0, 0x07, 0xf8, 0x07, 0x80, 0x01, 0xe0, 0x00, 0x00, 0x00,
    0x00, 0x00, 0x00, 0x00, 0x00, 0x06, 0x00, 0x00, 0x60, 0x0f, 0x00, 0x00, 0xf0, 0x0f, 0x00, 0x00, 0xf0, 0x06, 0x00,
    0x00, 0x60, 0x00, 0x00, 0x00, 0x00, 0x00, 0x00, 0x00, 0x00, 0x00, 0x00, 0x00, 0x00};
// '901_fill', 32x32px
const unsigned char Bitmap_901_fill[] PROGMEM = {
    0x00, 0x00, 0x07, 0x80, 0x00, 0x00, 0x0f, 0xc0, 0x06, 0x00, 0x1f, 0xe0, 0x06, 0x00, 0x3f, 0xf0, 0x66, 0x60, 0x3f,
    0xf0, 0x7f, 0xe0, 0x3f, 0xf0, 0x7f, 0xe0, 0x3f, 0xf0, 0x3f, 0xc0, 0x3f, 0xf0, 0x3f, 0xc0, 0x3f, 0xf0, 0x7f, 0xe0,
    0x3f, 0xf0, 0x7f, 0xe0, 0x3f, 0xf0, 0x66, 0x60, 0x3f, 0xf0, 0x06, 0x00, 0x3f, 0xf0, 0x06, 0x00, 0x3f, 0xf0, 0x00,
    0x00, 0x3c, 0xf0, 0x00, 0x00, 0x3c, 0xf0, 0x00, 0x00, 0x7c, 0xf8, 0x00, 0x00, 0xfc, 0xfc, 0x00, 0x01, 0xfc, 0xfe,
    0x00, 0x01, 0xf8, 0x7e, 0x00, 0x01, 0xf0, 0x3e, 0x00, 0x03, 0xe0, 0x1f, 0x00, 0x03, 0xe0, 0x1f, 0x00, 0x03, 0xe0,
    0x1f, 0x00, 0x03, 0xe0, 0x1f, 0x00, 0x03, 0xf0, 0x3f, 0x00, 0x01, 0xf8, 0x7e, 0x00, 0x01, 0xff, 0xfe, 0x00, 0x00,
    0xff, 0xfc, 0x00, 0x00, 0x7f, 0xf8, 0x00, 0x00, 0x3f, 0xf0, 0x00, 0x00, 0x07, 0x80};
// '515_fill', 32x32px
const unsigned char Bitmap_515_fill[] PROGMEM = {
    0x00, 0x07, 0xe0, 0x00, 0x00, 0x3f, 0xf8, 0x00, 0x00, 0x7f, 0xfc, 0x00, 0x00, 0xff, 0xfe, 0x00, 0x00, 0xff, 0xff,
    0x00, 0x0f, 0xff, 0xf0, 0x00, 0x3f, 0xff, 0xff, 0xfc, 0x7f, 0xff, 0x00, 0x0e, 0x7f, 0xff, 0xff, 0xfe, 0xff, 0xff,
    0xf0, 0x00, 0xff, 0xff, 0xff, 0xff, 0xff, 0xff, 0xff, 0xff, 0xff, 0xff, 0xff, 0xff, 0x7f, 0xff, 0xff, 0xfe, 0x7f,
    0xff, 0xff, 0xfe, 0x3f, 0xff, 0xff, 0xfc, 0x0f, 0xff, 0xff, 0xf0, 0x00, 0x7f, 0xfc, 0x00, 0x00, 0x1f, 0xf8, 0x00,
    0x00, 0x07, 0xe0, 0x00, 0x00, 0x00, 0x00, 0x00, 0x00, 0x00, 0x00, 0x00, 0xff, 0xf3, 0xfc, 0xff, 0x00, 0x00, 0x00,
    0x00, 0x00, 0x00, 0x00, 0x00, 0x03, 0xfc, 0xff, 0xff, 0x00, 0x00, 0x00, 0x00, 0x00, 0x00, 0x00, 0x00, 0x3f, 0xff,
    0xcf, 0xf0, 0x00, 0x00, 0x00, 0x00, 0x00, 0x00, 0x00, 0x00, 0xff, 0x3f, 0xcf, 0xff};
// '999_fill', 32x32px
const unsigned char Bitmap_999_fill[] PROGMEM = {
    0x00, 0x00, 0x00, 0x00, 0x00, 0x00, 0x00, 0x00, 0x00, 0x00, 0x00, 0x00, 0x00, 0x00, 0x00, 0x00, 0x00, 0x00, 0x00,
    0x00, 0x00, 0x00, 0x00, 0x00, 0x00, 0x07, 0xe0, 0x00, 0x00, 0x3f, 0xf8, 0x00, 0x00, 0x7f, 0xfc, 0x00, 0x00, 0xf8,
    0x3e, 0x00, 0x00, 0xf0, 0x0f, 0x00, 0x0f, 0xe1, 0x87, 0xf0, 0x3f, 0xe3, 0xc7, 0xfc, 0x7f, 0xf7, 0xc7, 0xfe, 0x7f,
    0xff, 0x87, 0xfe, 0xff, 0xff, 0x0f, 0xff, 0xff, 0xfe, 0x1f, 0xff, 0xff, 0xfe, 0x3f, 0xff, 0xff, 0xfe, 0x7f, 0xff,
    0x7f, 0xff, 0xff, 0xfe, 0x7f, 0xfe, 0x7f, 0xfe, 0x3f, 0xfc, 0x7f, 0xfc, 0x0f, 0xfe, 0x7f, 0xf0, 0x00, 0x7f, 0xfc,
    0x00, 0x00, 0x1f, 0xf8, 0x00, 0x00, 0x07, 0xe0, 0x00, 0x00, 0x00, 0x00, 0x00, 0x00, 0x00, 0x00, 0x00, 0x00, 0x00,
    0x00, 0x00, 0x00, 0x00, 0x00, 0x00, 0x00, 0x00, 0x00, 0x00, 0x00, 0x00, 0x00, 0x00};

// 16x16
const unsigned char Bitmap_100_fill_16[32] PROGMEM = {
    /* 0X00,0X01,0X10,0X00,0X10,0X00, */
    0X00, 0X00, 0X01, 0X80, 0X00, 0X00, 0X10, 0X08, 0X03, 0XC0, 0X07, 0XE0, 0X0F, 0XF0, 0X4F, 0XF2,
    0X4F, 0XF2, 0X0F, 0XF0, 0X07, 0XE0, 0X03, 0XC0, 0X10, 0X08, 0X00, 0X00, 0X01, 0X80, 0X00, 0X00,
};

const unsigned char Bitmap_101_fill_16[32] PROGMEM = {
    /* 0X00,0X01,0X10,0X00,0X10,0X00, */
    0X00, 0X00, 0X04, 0X40, 0X00, 0X00, 0X6F, 0X00, 0X18, 0X80, 0X10, 0X50, 0X10, 0X00, 0XD3, 0XC0,
    0X07, 0XF0, 0X1F, 0XFC, 0X7F, 0XFE, 0X7F, 0XFF, 0X7F, 0XFF, 0X3F, 0XFE, 0X1F, 0XFC, 0X03, 0XC0,
};

const unsigned char Bitmap_102_fill_16[32] PROGMEM = {
    /* 0X00,0X01,0X10,0X00,0X10,0X00, */
    0X00, 0X00, 0X01, 0X80, 0X20, 0X04, 0X10, 0X08, 0X07, 0XE0, 0X0F, 0XF0, 0X0F, 0XF0, 0X4F, 0XF0,
    0X0F, 0XF2, 0X0F, 0X80, 0X0F, 0X78, 0X05, 0X86, 0X12, 0X01, 0X02, 0X01, 0X03, 0X87, 0X00, 0X78,
};

const unsigned char Bitmap_103_fill_16[32] PROGMEM = {
    /* 0X00,0X01,0X10,0X00,0X10,0X00, */
    0X00, 0X00, 0X01, 0X80, 0X00, 0X00, 0X11, 0X88, 0X07, 0XE0, 0X0F, 0XF0, 0X0F, 0XF0, 0X0F, 0XF0,
    0X4F, 0XF2, 0X0F, 0X00, 0X00, 0XF0, 0X07, 0X8E, 0X1C, 0X01, 0X20, 0X01, 0X38, 0X0B, 0X07, 0XF4,
};

const unsigned char Bitmap_104_fill_16[32] PROGMEM = {
    /* 0X00,0X01,0X10,0X00,0X10,0X00, */
    0X00, 0X00, 0X00, 0X00, 0X00, 0X00, 0X01, 0XE0, 0X0E, 0X1C, 0X18, 0X06, 0X13, 0XC2, 0X0F, 0XE2,
    0X1F, 0XF0, 0X7F, 0XFE, 0XFF, 0XFF, 0XFF, 0XFF, 0XFF, 0XFF, 0X7F, 0XFE, 0X0F, 0XE0, 0X03, 0XC0,
};

const unsigned char Bitmap_150_fill_16[32] PROGMEM = {
    /* 0X00,0X01,0X10,0X00,0X10,0X00, */
    0X08, 0X00, 0X18, 0X00, 0X38, 0X00, 0X78, 0X00, 0X78, 0X00, 0XF8, 0X00, 0XFC, 0X00, 0XFC, 0X00,
    0XFE, 0X00, 0XFF, 0X00, 0X7F, 0XC0, 0X7F, 0XFF, 0X3F, 0XFE, 0X1F, 0XFE, 0X0F, 0XF8, 0X03, 0XE0,
};

const unsigned char Bitmap_151_fill_16[32] PROGMEM = {
    /* 0X00,0X01,0X10,0X00,0X10,0X00, */
    0X00, 0X00, 0X00, 0X40, 0X00, 0XC0, 0X01, 0X40, 0X01, 0X20, 0X01, 0X20, 0X00, 0X18, 0X07, 0X87,
    0X0F, 0XE2, 0X3F, 0XF8, 0X7F, 0XFE, 0XFF, 0XFE, 0XFF, 0XFE, 0X7F, 0XFC, 0X3F, 0XF8, 0X07, 0X80,
};

const unsigned char Bitmap_152_fill_16[32] PROGMEM = {
    /* 0X00,0X01,0X10,0X00,0X10,0X00, */
    0X01, 0X00, 0X03, 0X00, 0X07, 0X00, 0X0F, 0X00, 0X0F, 0X00, 0X0F, 0X80, 0X0F, 0X80, 0X0F, 0XE0,
    0X07, 0XFF, 0X00, 0XFE, 0X1E, 0X3E, 0X61, 0X98, 0X80, 0X40, 0X80, 0X40, 0XE1, 0XC0, 0X1E, 0X00,
};

const unsigned char Bitmap_153_fill_16[32] PROGMEM = {
    /* 0X00,0X01,0X10,0X00,0X10,0X00, */
    0X00, 0X00, 0X03, 0X00, 0X07, 0X00, 0X07, 0X00, 0X0F, 0X80, 0X0F, 0X80, 0X0F, 0XC0, 0X0F, 0XF0,
    0X0F, 0XFF, 0X04, 0X3E, 0X03, 0XC6, 0X1C, 0X38, 0X70, 0X04, 0X80, 0X04, 0XE0, 0X2C, 0X1F, 0XD0,
};

const unsigned char Bitmap_300_fill_16[32] PROGMEM = {
    /* 0X00,0X01,0X10,0X00,0X10,0X00, */
    0X00, 0X00, 0X00, 0X00, 0X29, 0X00, 0X18, 0X00, 0X23, 0XE0, 0X0F, 0XF0, 0X3F, 0XFE, 0X7F, 0XFF,
    0X7F, 0XFF, 0X7F, 0XFF, 0X3F, 0XFE, 0X03, 0XE0, 0X04, 0X10, 0X04, 0X10, 0X04, 0X10, 0X00, 0X00,
};

const unsigned char Bitmap_301_fill_16[32] PROGMEM = {
    /* 0X00,0X01,0X10,0X00,0X10,0X00, */
    0X00, 0X00, 0X00, 0X00, 0X29, 0X00, 0X18, 0X00, 0X23, 0XE0, 0X0F, 0XF0, 0X3F, 0XFE, 0X7F, 0XFF,
    0X7F, 0XFF, 0X7F, 0XFF, 0X3F, 0XFE, 0X03, 0XE0, 0X00, 0X00, 0X0C, 0X98, 0X0C, 0X98, 0X00, 0X80,
};

const unsigned char Bitmap_302_fill_16[32] PROGMEM = {
    /* 0X00,0X01,0X10,0X00,0X10,0X00, */
    0X03, 0XC0, 0X0F, 0XE0, 0X1F, 0XF0, 0X7F, 0XFE, 0XFF, 0XFF, 0XFF, 0XFF, 0XFF, 0XFF, 0X7F, 0XFE,
    0X0F, 0XE0, 0X03, 0XC0, 0X00, 0X00, 0X01, 0X80, 0X19, 0X98, 0X1B, 0X98, 0X01, 0X00, 0X00, 0X00,
};

const unsigned char Bitmap_303_fill_16[32] PROGMEM = {
    /* 0X00,0X01,0X10,0X00,0X10,0X00, */
    0X03, 0XC0, 0X0F, 0XE0, 0X1F, 0XF0, 0X7F, 0XFE, 0XFF, 0XFF, 0XFF, 0XFF, 0XFF, 0XFF, 0X7F, 0XFE,
    0X0F, 0XE0, 0X03, 0XC0, 0XC0, 0X03, 0XC1, 0X83, 0X19, 0X98, 0X1B, 0X98, 0X01, 0X00, 0X00, 0X00,
};

const unsigned char Bitmap_304_fill_16[32] PROGMEM = {
    /* 0X00,0X01,0X10,0X00,0X10,0X00, */
    0X03, 0XC0, 0X0F, 0XE0, 0X1F, 0XF0, 0X7F, 0XFE, 0XFF, 0XFF, 0XFF, 0XFF, 0XFF, 0XFF, 0X7F, 0XFE,
    0X0F, 0XE0, 0X03, 0XC0, 0X00, 0X00, 0X01, 0X80, 0X19, 0X98, 0X1B, 0X80, 0X01, 0X00, 0X00, 0X00,
};

const unsigned char Bitmap_305_fill_16[32] PROGMEM = {
    /* 0X00,0X01,0X10,0X00,0X10,0X00, */
    0X03, 0XC0, 0X0F, 0XE0, 0X1F, 0XF0, 0X7F, 0XFE, 0XFF, 0XFF, 0XFF, 0XFF, 0XFF, 0XFF, 0X7F, 0XFE,
    0X0F, 0XE0, 0X03, 0XC0, 0X00, 0X00, 0X00, 0X00, 0X00, 0X00, 0X0C, 0X30, 0X0C, 0X30, 0X00, 0X00,
};

const unsigned char Bitmap_306_fill_16[32] PROGMEM = {
    /* 0X00,0X01,0X10,0X00,0X10,0X00, */
    0X03, 0XC0, 0X0F, 0XE0, 0X1F, 0XF0, 0X7F, 0XFE, 0XFF, 0XFF, 0XFF, 0XFF, 0XFF, 0XFF, 0X7F, 0XFE,
    0X0F, 0XF0, 0X03, 0XC0, 0X00, 0X00, 0X00, 0X00, 0X30, 0X0C, 0X30, 0X0C, 0X01, 0X80, 0X01, 0X80,
};

const unsigned char Bitmap_307_fill_16[32] PROGMEM = {
    /* 0X00,0X01,0X10,0X00,0X10,0X00, */
    0X03, 0XC0, 0X0F, 0XE0, 0X1F, 0XF0, 0X7F, 0XFE, 0XFF, 0XFF, 0XFF, 0XFF, 0XFF, 0XFF, 0X7F, 0XFE,
    0X0F, 0XE0, 0X03, 0XC0, 0X00, 0X00, 0X60, 0X06, 0X60, 0X06, 0X00, 0X00, 0X06, 0X60, 0X06, 0X60,
};

const unsigned char Bitmap_308_fill_16[32] PROGMEM = {
    /* 0X00,0X01,0X10,0X00,0X10,0X00, */
    0X03, 0XC0, 0X0F, 0XE0, 0X1F, 0XF0, 0X7F, 0XFE, 0XFF, 0XFF, 0XFF, 0XFF, 0XFF, 0XFF, 0X7F, 0XFE,
    0X0F, 0XE0, 0X03, 0XC0, 0X80, 0X01, 0X80, 0X01, 0XB4, 0X2D, 0X34, 0X2C, 0X05, 0XA0, 0X01, 0X80,
};

const unsigned char Bitmap_309_fill_16[32] PROGMEM = {
    /* 0X00,0X01,0X10,0X00,0X10,0X00, */
    0X03, 0XC0, 0X0F, 0XE0, 0X1F, 0XF0, 0X7F, 0XFE, 0XFF, 0XFF, 0XFF, 0XFF, 0XFF, 0XFF, 0X7F, 0XFE,
    0X0F, 0XE0, 0X03, 0XC0, 0X00, 0X00, 0X00, 0X00, 0X00, 0X00, 0X10, 0X08, 0X01, 0X00, 0X00, 0X00,
};

const unsigned char Bitmap_310_fill_16[32] PROGMEM = {
    /* 0X00,0X01,0X10,0X00,0X10,0X00, */
    0X03, 0XC0, 0X0F, 0XE0, 0X1F, 0XF0, 0X7F, 0XFE, 0XFF, 0XFF, 0XFF, 0XFF, 0XFF, 0XFF, 0X7F, 0XFE,
    0X0F, 0XE0, 0X03, 0XC0, 0X60, 0X06, 0X60, 0X06, 0X0C, 0X30, 0X0C, 0X30, 0X01, 0X80, 0X01, 0X80,
};

const unsigned char Bitmap_311_fill_16[32] PROGMEM = {
    /* 0X00,0X01,0X10,0X00,0X10,0X00, */
    0X03, 0XC0, 0X0F, 0XE0, 0X1F, 0XF0, 0X7F, 0XFE, 0XFF, 0XFF, 0XFF, 0XFF, 0XFF, 0XFF, 0X7F, 0XFE,
    0X0F, 0XE0, 0X03, 0XC0, 0X00, 0X00, 0X00, 0X80, 0X24, 0X92, 0X49, 0X24, 0X02, 0X00, 0X02, 0X00,
};

const unsigned char Bitmap_312_fill_16[32] PROGMEM = {
    /* 0X00,0X01,0X10,0X00,0X10,0X00, */
    0X03, 0XC0, 0X0F, 0XE0, 0X1F, 0XF0, 0X7F, 0XFE, 0XFF, 0XFF, 0XFF, 0XFF, 0XFF, 0XFF, 0X7F, 0XFE,
    0X0F, 0XE0, 0X03, 0XC0, 0X00, 0X00, 0X00, 0X00, 0X48, 0X09, 0X12, 0X48, 0X90, 0X12, 0X00, 0X00,
};

const unsigned char Bitmap_313_fill_16[32] PROGMEM = {
    /* 0X00,0X01,0X10,0X00,0X10,0X00, */
    0X03, 0XC0, 0X0F, 0XE0, 0X1F, 0XF0, 0X7F, 0XFE, 0XFF, 0XFF, 0XFF, 0XFF, 0XFF, 0XFF, 0X7F, 0XFE,
    0X0F, 0XE0, 0X03, 0XC0, 0XC0, 0X03, 0X08, 0X10, 0X08, 0X10, 0X08, 0X10, 0X01, 0X80, 0X00, 0X00,
};

const unsigned char Bitmap_314_fill_16[32] PROGMEM = {
    /* 0X00,0X01,0X10,0X00,0X10,0X00, */
    0X01, 0X80, 0X07, 0XE0, 0X1F, 0XF8, 0X3F, 0XFC, 0X7F, 0XFE, 0XFF, 0XFF, 0XFF, 0XFF, 0X01, 0X80,
    0X01, 0X80, 0X01, 0X80, 0X01, 0XE6, 0X6D, 0XE6, 0X6D, 0X80, 0X01, 0X98, 0X01, 0X98, 0X00, 0X00,
};

const unsigned char Bitmap_315_fill_16[32] PROGMEM = {
    /* 0X00,0X01,0X10,0X00,0X10,0X00, */
    0X01, 0X80, 0X07, 0XE0, 0X1F, 0XF8, 0X3F, 0XFC, 0X7F, 0XFE, 0XFF, 0XFF, 0XFF, 0XFF, 0X01, 0X80,
    0X01, 0X80, 0X01, 0XB6, 0X67, 0XB6, 0X67, 0X80, 0X01, 0X80, 0X19, 0XB6, 0X19, 0XB6, 0X00, 0X00,
};

const unsigned char Bitmap_316_fill_16[32] PROGMEM = {
    /* 0X00,0X01,0X10,0X00,0X10,0X00, */
    0X01, 0X80, 0X07, 0XE0, 0X1F, 0XF8, 0X3F, 0XFC, 0X7F, 0XFE, 0XFF, 0XFF, 0XFF, 0XFF, 0X01, 0X80,
    0X01, 0X88, 0X6D, 0XEB, 0X6D, 0XEB, 0X01, 0X80, 0X01, 0X80, 0X6D, 0XB6, 0X6D, 0XB6, 0X00, 0X00,
};

const unsigned char Bitmap_317_fill_16[32] PROGMEM = {
    /* 0X00,0X01,0X10,0X00,0X10,0X00, */
    0X01, 0X80, 0X07, 0XE0, 0X1F, 0XF8, 0X3F, 0XFC, 0X7F, 0XFE, 0XFF, 0XFF, 0XFF, 0XFF, 0X01, 0X80,
    0X25, 0XAA, 0X25, 0XAA, 0X25, 0XAA, 0X01, 0X80, 0X25, 0X94, 0X25, 0X94, 0X25, 0X94, 0X00, 0X00,
};

const unsigned char Bitmap_318_fill_16[32] PROGMEM = {
    /* 0X00,0X01,0X10,0X00,0X10,0X00, */
    0X01, 0X80, 0X07, 0XE0, 0X1F, 0XF8, 0X3F, 0XFC, 0X7F, 0XFE, 0XFF, 0XFF, 0XFF, 0XFF, 0X01, 0X80,
    0X55, 0XAA, 0X55, 0XAA, 0X55, 0XAA, 0X01, 0X80, 0X29, 0XAA, 0X29, 0XAA, 0X29, 0XAA, 0X00, 0X00,
};

const unsigned char Bitmap_350_fill_16[32] PROGMEM = {
    /* 0X00,0X01,0X10,0X00,0X10,0X00, */
    0X00, 0X20, 0X00, 0X60, 0X00, 0X50, 0X00, 0X18, 0X07, 0XCF, 0X0F, 0XE2, 0X7F, 0XFC, 0XFF, 0XFE,
    0XFF, 0XFE, 0XFF, 0XFE, 0X7F, 0XFC, 0X07, 0XC0, 0X00, 0X00, 0X08, 0X20, 0X08, 0X20, 0X08, 0X20,
};

const unsigned char Bitmap_351_fill_16[32] PROGMEM = {
    /* 0X00,0X01,0X10,0X00,0X10,0X00, */
    0X00, 0X20, 0X00, 0X60, 0X00, 0X50, 0X00, 0X18, 0X07, 0XCF, 0X0F, 0XE2, 0X7F, 0XFC, 0XFF, 0XFE,
    0XFF, 0XFE, 0XFF, 0XFE, 0X7F, 0XFC, 0X07, 0XC0, 0X00, 0X00, 0X19, 0X30, 0X19, 0X30, 0X01, 0X00,
};

const unsigned char Bitmap_399_fill_16[32] PROGMEM = {
    /* 0X00,0X01,0X10,0X00,0X10,0X00, */
    0X00, 0X00, 0X00, 0X0C, 0X0C, 0X1E, 0X1E, 0X1E, 0X1E, 0X3F, 0X3F, 0X3F, 0X3F, 0X3F, 0X7F, 0X9E,
    0X7F, 0X80, 0XFF, 0XC0, 0XFF, 0XC0, 0XFF, 0XC0, 0XFF, 0XC0, 0X7F, 0X80, 0X3F, 0X80, 0X1E, 0X00,
};

const unsigned char Bitmap_400_fill_16[32] PROGMEM = {
    /* 0X00,0X01,0X10,0X00,0X10,0X00, */
    0X03, 0XC0, 0X0F, 0XE0, 0X1F, 0XF0, 0X7F, 0XFE, 0XFF, 0XFF, 0XFF, 0XFF, 0XFF, 0XFF, 0X7F, 0XFE,
    0X0F, 0XE0, 0X03, 0XC0, 0X00, 0X00, 0X00, 0X00, 0X04, 0X20, 0X0E, 0X70, 0X04, 0X20, 0X00, 0X00,
};

const unsigned char Bitmap_401_fill_16[32] PROGMEM = {
    /* 0X00,0X01,0X10,0X00,0X10,0X00, */
    0X03, 0XC0, 0X0F, 0XE0, 0X1F, 0XF0, 0X7F, 0XFE, 0XFF, 0XFF, 0XFF, 0XFF, 0XFF, 0XFF, 0X7F, 0XFE,
    0X0F, 0XE0, 0X03, 0XC0, 0X00, 0X00, 0X10, 0X08, 0X38, 0X1C, 0X11, 0X08, 0X01, 0X80, 0X00, 0X80,
};

const unsigned char Bitmap_402_fill_16[32] PROGMEM = {
    /* 0X00,0X01,0X10,0X00,0X10,0X00, */
    0X03, 0XC0, 0X0F, 0XE0, 0X1F, 0XF0, 0X7F, 0XFE, 0XFF, 0XFF, 0XFF, 0XFF, 0XFF, 0XFF, 0X7F, 0XFE,
    0X0F, 0XE0, 0X03, 0XC0, 0X40, 0X02, 0XE0, 0X07, 0X44, 0X22, 0X0E, 0X70, 0X04, 0X20, 0X00, 0X00,
};

const unsigned char Bitmap_403_fill_16[32] PROGMEM = {
    /* 0X00,0X01,0X10,0X00,0X10,0X00, */
    0X03, 0XC0, 0X0F, 0XE0, 0X1F, 0XF0, 0X7F, 0XFE, 0XFF, 0XFF, 0XFF, 0XFF, 0XFF, 0XFF, 0X7F, 0XFE,
    0X0F, 0XE0, 0X03, 0XC0, 0X40, 0X02, 0XE0, 0X07, 0X48, 0X12, 0X1D, 0XB8, 0X09, 0X90, 0X00, 0X80,
};

const unsigned char Bitmap_404_fill_16[32] PROGMEM = {
    /* 0X00,0X01,0X10,0X00,0X10,0X00, */
    0X03, 0XC0, 0X0F, 0XE0, 0X1F, 0XF0, 0X7F, 0XFE, 0XFF, 0XFF, 0XFF, 0XFF, 0XFF, 0XFF, 0X7F, 0XFE,
    0X0F, 0XE0, 0X03, 0XC0, 0X00, 0X00, 0X00, 0X00, 0X60, 0X06, 0X64, 0X26, 0X0E, 0X70, 0X04, 0X20,
};

const unsigned char Bitmap_405_fill_16[32] PROGMEM = {
    /* 0X00,0X01,0X10,0X00,0X10,0X00, */
    0X03, 0XC0, 0X0F, 0XE0, 0X1F, 0XF0, 0X7F, 0XFE, 0XFF, 0XFF, 0XFF, 0XFF, 0XFF, 0XFF, 0X7F, 0XFE,
    0X0F, 0XE0, 0X03, 0XC0, 0X00, 0X00, 0X00, 0X00, 0X00, 0X42, 0XCC, 0XE7, 0XCC, 0X42, 0X00, 0X00,
};

const unsigned char Bitmap_406_fill_16[32] PROGMEM = {
    /* 0X00,0X01,0X10,0X00,0X10,0X00, */
    0X04, 0X00, 0X04, 0X80, 0X25, 0X00, 0X18, 0X00, 0X13, 0XE0, 0X4F, 0XF0, 0X3F, 0XFE, 0X7F, 0XFF,
    0X7F, 0XFF, 0X7F, 0XFF, 0X3F, 0XFE, 0X07, 0XE0, 0X00, 0X00, 0X04, 0X10, 0X04, 0X30, 0X04, 0X10,
};

const unsigned char Bitmap_407_fill_16[32] PROGMEM = {
    /* 0X00,0X01,0X10,0X00,0X10,0X00, */
    0X04, 0X00, 0X04, 0X80, 0X25, 0X00, 0X18, 0X00, 0X13, 0XE0, 0X4F, 0XF0, 0X3F, 0XFE, 0X7F, 0XFF,
    0X7F, 0XFF, 0X7F, 0XFF, 0X3F, 0XFE, 0X03, 0XE0, 0X00, 0X00, 0X04, 0X00, 0X06, 0X30, 0X04, 0X20,
};

const unsigned char Bitmap_408_fill_16[32] PROGMEM = {
    /* 0X00,0X01,0X10,0X00,0X10,0X00, */
    0X01, 0X80, 0X07, 0XE0, 0X1F, 0XF8, 0X3F, 0XFC, 0X7F, 0XFE, 0XFF, 0XFF, 0XFF, 0XFF, 0X01, 0X80,
    0X01, 0X88, 0X01, 0X9C, 0X11, 0X88, 0X39, 0X80, 0X11, 0X88, 0X01, 0X9C, 0X01, 0X88, 0X00, 0X00,
};

const unsigned char Bitmap_409_fill_16[32] PROGMEM = {
    /* 0X00,0X01,0X10,0X00,0X10,0X00, */
    0X01, 0X80, 0X07, 0XE0, 0X1F, 0XF8, 0X3F, 0XFC, 0X7F, 0XFE, 0XFF, 0XFF, 0XFF, 0XFF, 0X01, 0X80,
    0X01, 0X80, 0X45, 0XA2, 0XEF, 0XF7, 0X45, 0XA2, 0X01, 0X88, 0X01, 0X9C, 0X01, 0X88, 0X00, 0X00,
};

const unsigned char Bitmap_410_fill_16[32] PROGMEM = {
    /* 0X00,0X01,0X10,0X00,0X10,0X00, */
    0X01, 0X80, 0X07, 0XE0, 0X1F, 0XF8, 0X3F, 0XFC, 0X7F, 0XFE, 0XFF, 0XFF, 0XFF, 0XFF, 0X01, 0X80,
    0X01, 0X80, 0X45, 0XF7, 0XEF, 0XF7, 0X45, 0X80, 0X11, 0X80, 0X39, 0XF7, 0X11, 0XF7, 0X00, 0X00,
};

const unsigned char Bitmap_456_fill_16[32] PROGMEM = {
    /* 0X00,0X01,0X10,0X00,0X10,0X00, */
    0X00, 0X20, 0X00, 0X60, 0X00, 0X50, 0X00, 0X18, 0X07, 0XCF, 0X0F, 0XE2, 0X7F, 0XFC, 0XFF, 0XFE,
    0XFF, 0XFE, 0XFF, 0XFE, 0X7F, 0XFC, 0X07, 0XC0, 0X00, 0X00, 0X08, 0X20, 0X08, 0X60, 0X08, 0X20,
};

const unsigned char Bitmap_457_fill_16[32] PROGMEM = {
    /* 0X00,0X01,0X10,0X00,0X10,0X00, */
    0X00, 0X20, 0X00, 0X60, 0X00, 0X50, 0X00, 0X18, 0X07, 0XCF, 0X0F, 0XE2, 0X7F, 0XFC, 0XFF, 0XFE,
    0XFF, 0XFE, 0XFF, 0XFE, 0X7F, 0XFC, 0X07, 0XC0, 0X00, 0X00, 0X08, 0X20, 0X0C, 0X60, 0X08, 0X60,
};

const unsigned char Bitmap_499_fill_16[32] PROGMEM = {
    /* 0X00,0X01,0X10,0X00,0X10,0X00, */
    0X00, 0X00, 0X03, 0XC0, 0X01, 0X80, 0X11, 0X88, 0X71, 0X0E, 0X3B, 0XDC, 0X0F, 0XF0, 0X07, 0XE0,
    0X07, 0XE0, 0X0F, 0XF0, 0X3B, 0XDC, 0X71, 0X0E, 0X11, 0X88, 0X01, 0X80, 0X03, 0XC0, 0X00, 0X00,
};

const unsigned char Bitmap_500_fill_16[32] PROGMEM = {
    /* 0X00,0X01,0X10,0X00,0X10,0X00, */
    0X03, 0XC0, 0X0F, 0XE0, 0X1F, 0XF0, 0X7F, 0XFE, 0XFF, 0XFF, 0XFF, 0XFF, 0XFF, 0XFF, 0X7F, 0XFE,
    0X0F, 0XE0, 0X03, 0XC0, 0X00, 0X00, 0X00, 0X00, 0X0F, 0XFF, 0X00, 0X00, 0XFF, 0XF0, 0X00, 0X00,
};

const unsigned char Bitmap_501_fill_16[32] PROGMEM = {
    /* 0X00,0X01,0X10,0X00,0X10,0X00, */
    0X03, 0XC0, 0X0F, 0XE0, 0X1F, 0XF0, 0X7F, 0XFE, 0XFF, 0XFF, 0XFF, 0XFF, 0XFF, 0XFF, 0X7F, 0XFE,
    0X0F, 0XE0, 0X03, 0XC0, 0X00, 0X00, 0XFF, 0XC0, 0X00, 0X00, 0X1E, 0XFF, 0X00, 0X00, 0X0F, 0XFC,
};

const unsigned char Bitmap_502_fill_16[32] PROGMEM = {
    /* 0X00,0X01,0X10,0X00,0X10,0X00, */
    0X00, 0X00, 0X00, 0X00, 0X00, 0X00, 0X00, 0X00, 0X00, 0X00, 0X7C, 0X3E, 0XFE, 0X7F, 0XFF, 0XFF,
    0XFF, 0XFF, 0XFE, 0X7F, 0X7C, 0X3E, 0X00, 0X00, 0X00, 0X00, 0X00, 0X00, 0X00, 0X00, 0X00, 0X00,
};

const unsigned char Bitmap_503_fill_16[32] PROGMEM = {
    /* 0X00,0X01,0X10,0X00,0X10,0X00, */
    0X00, 0X00, 0X19, 0X80, 0X11, 0X0C, 0X06, 0X06, 0X04, 0X67, 0X30, 0X47, 0X26, 0X0E, 0X04, 0X3C,
    0X03, 0XFC, 0X02, 0X0E, 0X64, 0X1C, 0X40, 0X78, 0X03, 0X88, 0X00, 0X18, 0X31, 0XE0, 0X20, 0X00,
};

const unsigned char Bitmap_504_fill_16[32] PROGMEM = {
    /* 0X00,0X01,0X10,0X00,0X10,0X00, */
    0X00, 0X00, 0X02, 0X00, 0X60, 0X0C, 0X60, 0XC6, 0X00, 0XC6, 0X0C, 0X07, 0X0C, 0X07, 0X01, 0X0F,
    0X20, 0X1E, 0X00, 0X3C, 0X01, 0XF8, 0X1F, 0XC0, 0X00, 0X04, 0X00, 0X60, 0X02, 0X60, 0X00, 0X00,
};

const unsigned char Bitmap_507_fill_16[32] PROGMEM = {
    /* 0X00,0X01,0X10,0X00,0X10,0X00, */
    0X03, 0XC0, 0X07, 0XF0, 0X0C, 0X30, 0X0C, 0X00, 0X0C, 0X00, 0X0E, 0X00, 0X07, 0X80, 0XFF, 0XFE,
    0XFF, 0XFF, 0X00, 0X70, 0X00, 0X38, 0X00, 0X18, 0X18, 0X18, 0X1C, 0X38, 0X0F, 0XF0, 0X03, 0XC0,
};

const unsigned char Bitmap_508_fill_16[32] PROGMEM = {
    /* 0X00,0X01,0X10,0X00,0X10,0X00, */
    0X03, 0XC0, 0X07, 0XF0, 0X0C, 0X30, 0X0C, 0X00, 0X0C, 0X00, 0XFF, 0XFF, 0XFF, 0XFF, 0X01, 0XC0,
    0X00, 0XE0, 0XFF, 0XFF, 0XFF, 0XFE, 0X00, 0X18, 0X18, 0X18, 0X1C, 0X38, 0X0F, 0XF0, 0X03, 0XC0,
};

const unsigned char Bitmap_509_fill_16[32] PROGMEM = {
    /* 0X00,0X01,0X10,0X00,0X10,0X00, */
    0X03, 0XC0, 0X0F, 0XE0, 0X1F, 0XF0, 0X7F, 0XFE, 0XFF, 0XFF, 0XFF, 0XFF, 0XFF, 0XFF, 0X7F, 0XFE,
    0X0F, 0XE0, 0X03, 0XC0, 0X00, 0X00, 0X7F, 0X80, 0X00, 0X00, 0X00, 0X00, 0X3F, 0X18, 0X00, 0X00,
};

const unsigned char Bitmap_510_fill_16[32] PROGMEM = {
    /* 0X00,0X01,0X10,0X00,0X10,0X00, */
    0X03, 0XC0, 0X0F, 0XE0, 0X1F, 0XF0, 0X7F, 0XFE, 0XFF, 0XFE, 0XFF, 0XFF, 0XFF, 0XFF, 0X7F, 0XFE,
    0X0F, 0XE0, 0X03, 0XC0, 0X00, 0X00, 0X7F, 0X80, 0X00, 0X00, 0X00, 0X00, 0X3F, 0X18, 0X00, 0X00,
};

const unsigned char Bitmap_511_fill_16[32] PROGMEM = {
    /* 0X00,0X01,0X10,0X00,0X10,0X00, */
    0X00, 0X00, 0X00, 0X00, 0X30, 0X0C, 0X00, 0X00, 0X00, 0X00, 0X7C, 0X3E, 0XFE, 0X7F, 0XFF, 0XFF,
    0XFF, 0XFF, 0XFE, 0X7F, 0X7C, 0X3E, 0X00, 0X00, 0X00, 0X00, 0X30, 0X0C, 0X00, 0X00, 0X00, 0X00,
};

const unsigned char Bitmap_512_fill_16[32] PROGMEM = {
    /* 0X00,0X01,0X10,0X00,0X10,0X00, */
    0X00, 0X00, 0X00, 0X00, 0X31, 0X8C, 0X01, 0X80, 0X00, 0X00, 0X7C, 0X3E, 0XFE, 0X7F, 0XFF, 0XFF,
    0XFF, 0XFF, 0XFE, 0X7F, 0X7C, 0X3E, 0X00, 0X00, 0X01, 0X80, 0X31, 0X8C, 0X00, 0X00, 0X00, 0X00,
};

const unsigned char Bitmap_513_fill_16[32] PROGMEM = {
    /* 0X00,0X01,0X10,0X00,0X10,0X00, */
    0X00, 0X00, 0X00, 0X00, 0X66, 0X66, 0X06, 0X60, 0X00, 0X00, 0X7C, 0X3E, 0XFE, 0X7F, 0XFF, 0XFF,
    0XFF, 0XFF, 0XFE, 0X7F, 0X7C, 0X3E, 0X00, 0X00, 0X06, 0X60, 0X66, 0X66, 0X00, 0X00, 0X00, 0X00,
};

const unsigned char Bitmap_514_fill_16[32] PROGMEM = {
    /* 0X00,0X01,0X10,0X00,0X10,0X00, */
    0X03, 0XC0, 0X0F, 0XE0, 0X1E, 0X00, 0X7F, 0XFE, 0XFF, 0XC0, 0XFF, 0XFF, 0XFF, 0XFF, 0X7F, 0XFE,
    0X0F, 0XE0, 0X03, 0XC0, 0X00, 0X00, 0XFF, 0XC0, 0X00, 0X00, 0X1E, 0XFF, 0X00, 0X00, 0X0F, 0XFC,
};

const unsigned char Bitmap_515_fill_16[32] PROGMEM = {
    /* 0X00,0X01,0X10,0X00,0X10,0X00, */
    0X03, 0XC0, 0X0F, 0XE0, 0X1F, 0XF0, 0X7F, 0XFE, 0XFF, 0XFE, 0XFF, 0XFF, 0XFF, 0XFF, 0X7F, 0XFE,
    0X0F, 0XE0, 0X03, 0XC0, 0X00, 0X00, 0X78, 0XC6, 0X00, 0X00, 0X00, 0X00, 0X3F, 0X18, 0X00, 0X00,
};

const unsigned char Bitmap_900_fill_16[32] PROGMEM = {
    /* 0X00,0X01,0X10,0X00,0X10,0X00, */
    0X00, 0X38, 0X00, 0X7C, 0X20, 0X7C, 0X38, 0X6C, 0XFC, 0X6C, 0XFC, 0X6C, 0XFC, 0X6C, 0X78, 0X6C,
    0X00, 0XEE, 0X00, 0XEE, 0X01, 0XC7, 0X01, 0XC7, 0X01, 0XC7, 0X00, 0XFE, 0X00, 0XFE, 0X00, 0X38,
};

const unsigned char Bitmap_901_fill_16[32] PROGMEM = {
    /* 0X00,0X01,0X10,0X00,0X10,0X00, */
    0X00, 0X38, 0X30, 0X7C, 0X78, 0X7C, 0X78, 0X7C, 0X78, 0X7C, 0X78, 0X7C, 0X30, 0X7C, 0X00, 0X6C,
    0X00, 0XEE, 0X00, 0XEE, 0X01, 0XC7, 0X01, 0XC7, 0X01, 0XC7, 0X00, 0XFE, 0X00, 0XFE, 0X00, 0X38,
};

const unsigned char Bitmap_999_fill_16[32] PROGMEM = {
    /* 0X00,0X01,0X10,0X00,0X10,0X00, */
    0X00, 0X00, 0X00, 0X00, 0X00, 0X00, 0X03, 0XC0, 0X0F, 0XE0, 0X1C, 0X30, 0X7D, 0XBE, 0XFF, 0X3F,
    0XFE, 0X7F, 0XFF, 0XFF, 0X7E, 0XFE, 0X0F, 0XE0, 0X03, 0XC0, 0X00, 0X00, 0X00, 0X00, 0X00, 0X00,
};

const unsigned char jitang[] PROGMEM = {
    0xff, 0xff, 0xff, 0xff, 0xff, 0xff, 0xff, 0xff, 0xff, 0xff, 0xff, 0xff, 0xff, 0xff, 0xff, 0xff, 0xff, 0xff, 0xff,
    0xff, 0xff, 0xff, 0xff, 0xff, 0xff, 0xff, 0xff, 0xff, 0xff, 0xff, 0xff, 0xff, 0xff, 0xff, 0xff, 0xff, 0xff, 0xff,
    0xff, 0xff, 0xff, 0xff, 0xff, 0xff, 0xff, 0xff, 0xff, 0xff, 0xff, 0xff, 0xff, 0xff, 0xff, 0xff, 0xff, 0xff, 0xff,
    0xff, 0xff, 0xff, 0xff, 0xff, 0xff, 0xff, 0xff, 0xff, 0xff, 0xff, 0xff, 0xff, 0xff, 0xff, 0xff, 0xff, 0xff, 0xff,
    0xff, 0xff, 0xff, 0xff, 0xff, 0xff, 0xff, 0xff, 0xff, 0xff, 0xff, 0xff, 0xff, 0xff, 0xff, 0xff, 0xff, 0xff, 0xff,
    0xff, 0xff, 0xff, 0xff, 0xff, 0xff, 0xff, 0xff, 0xff, 0xff, 0xff, 0xff, 0xff, 0xff, 0xff, 0xff, 0xff, 0xff, 0xff,
    0xff, 0xff, 0xff, 0xff, 0xff, 0xff, 0xff, 0xff, 0xff, 0xff, 0xff, 0xff, 0xff, 0xff, 0xff, 0xff, 0xff, 0xff, 0xff,
    0xff, 0xff, 0xff, 0xff, 0xff, 0xff, 0xff, 0xff, 0xff, 0xff, 0xff, 0xff, 0xff, 0xff, 0xff, 0xff, 0xff, 0xff, 0xff,
    0xff, 0xff, 0xff, 0xff, 0xff, 0xff, 0xff, 0xff, 0xff, 0xff, 0xff, 0xff, 0xff, 0xff, 0xff, 0xff, 0xff, 0xff, 0xff,
    0xff, 0xff, 0xff, 0xff, 0xff, 0xff, 0xff, 0xff, 0xff, 0xff, 0xff, 0xff, 0xff, 0xff, 0xff, 0xff, 0xff, 0xff, 0xff,
    0xff, 0xff, 0xff, 0xff, 0xff, 0xff, 0xff, 0xff, 0xff, 0xff, 0xff, 0xff, 0xff, 0xff, 0xff, 0xff, 0xff, 0xff, 0xff,
    0xff, 0xff, 0xff, 0xff, 0xff, 0xff, 0xff, 0xff, 0xff, 0xff, 0xff, 0xff, 0xff, 0xff, 0xff, 0xff, 0xff, 0xff, 0xff,
    0xff, 0xff, 0xff, 0xff, 0xff, 0xff, 0xff, 0xff, 0xff, 0xff, 0xff, 0xff, 0xff, 0xff, 0xff, 0xff, 0xff, 0xff, 0xff,
    0xff, 0xff, 0xff, 0xff, 0xff, 0xff, 0xff, 0xff, 0xff, 0xff, 0xff, 0xff, 0xff, 0xff, 0xff, 0xff, 0xff, 0xff, 0xff,
    0xff, 0xff, 0xff, 0xff, 0xff, 0xff, 0xff, 0xff, 0xff, 0xff, 0xff, 0xff, 0xff, 0xff, 0xff, 0xff, 0xff, 0xff, 0xff,
    0xff, 0xff, 0xff, 0xff, 0xff, 0xff, 0xff, 0xff, 0xff, 0xff, 0xff, 0xff, 0xff, 0xff, 0xff, 0xff, 0xff, 0xff, 0xff,
    0xff, 0xff, 0xff, 0xff, 0xff, 0xff, 0xff, 0xff, 0xff, 0xff, 0xff, 0xff, 0xff, 0xff, 0xff, 0xff, 0xff, 0xff, 0xff,
    0xff, 0xff, 0xff, 0xff, 0xff, 0xff, 0xff, 0xff, 0xff, 0xff, 0xff, 0xff, 0xff, 0xff, 0xff, 0xff, 0xff, 0xff, 0xff,
    0xff, 0xff, 0xff, 0xff, 0xff, 0xff, 0xff, 0xff, 0xff, 0xff, 0xff, 0xff, 0xff, 0xff, 0xff, 0xff, 0xff, 0xff, 0xff,
    0xff, 0xff, 0xff, 0xff, 0xff, 0xff, 0xff, 0xff, 0xff, 0xff, 0xff, 0xff, 0xff, 0xff, 0xff, 0xff, 0xff, 0xff, 0xff,
    0xff, 0xff, 0xff, 0xff, 0xff, 0xff, 0xff, 0xff, 0xff, 0xff, 0xff, 0xff, 0xff, 0xff, 0xff, 0xff, 0xff, 0xff, 0xff,
    0xff, 0xff, 0xff, 0xff, 0xff, 0xff, 0xff, 0xff, 0xff, 0xff, 0xff, 0xff, 0xff, 0xff, 0xff, 0xff, 0xff, 0xff, 0xff,
    0xff, 0xff, 0xff, 0xff, 0xff, 0xff, 0xff, 0xff, 0xff, 0xff, 0xff, 0xff, 0xff, 0xff, 0xff, 0xff, 0xff, 0xff, 0xff,
    0xff, 0xff, 0xff, 0xff, 0xff, 0xff, 0xff, 0xff, 0xff, 0xff, 0xff, 0xff, 0xff, 0xff, 0xff, 0xff, 0xff, 0xff, 0xff,
    0xff, 0xff, 0xff, 0xff, 0xff, 0xff, 0xff, 0xff, 0xff, 0xff, 0xff, 0xff, 0xff, 0xff, 0xff, 0xff, 0xff, 0xff, 0xff,
    0xff, 0xff, 0xff, 0xff, 0xff, 0xff, 0xff, 0xff, 0xff, 0xff, 0xff, 0xff, 0xff, 0xff, 0xff, 0xff, 0xff, 0xff, 0xff,
    0xff, 0xff, 0xff, 0xff, 0xff, 0xff, 0xff, 0xff, 0xff, 0xff, 0xff, 0xff, 0xff, 0xff, 0xff, 0xff, 0xff, 0xff, 0xff,
    0xff, 0xff, 0xff, 0xff, 0xff, 0xff, 0xff, 0xff, 0xff, 0xff, 0xff, 0xff, 0xff, 0xff, 0xff, 0xff, 0xff, 0xff, 0xff,
    0xff, 0xff, 0xff, 0xff, 0xff, 0xff, 0xff, 0xff, 0xff, 0xff, 0xff, 0xff, 0xff, 0xff, 0xff, 0xff, 0xff, 0xff, 0xff,
    0xff, 0xff, 0xff, 0xff, 0xff, 0xff, 0xff, 0xff, 0xff, 0xff, 0xff, 0xff, 0xff, 0xff, 0xff, 0xff, 0xff, 0xff, 0xff,
    0xff, 0xff, 0xff, 0xff, 0xff, 0xff, 0xff, 0xff, 0xff, 0xff, 0xff, 0xff, 0xff, 0xff, 0xff, 0xff, 0xff, 0xff, 0xff,
    0xff, 0xff, 0xff, 0xff, 0xff, 0xff, 0xff, 0xff, 0xff, 0xff, 0xff, 0xff, 0xff, 0xff, 0xff, 0xff, 0xff, 0xff, 0xff,
    0xff, 0xff, 0xff, 0xff, 0xff, 0xff, 0xff, 0xff, 0xff, 0xff, 0xff, 0xff, 0xff, 0xff, 0xff, 0xff, 0xff, 0xff, 0xff,
    0xff, 0xff, 0xff, 0xff, 0xff, 0xff, 0xff, 0xff, 0xff, 0xff, 0xff, 0xff, 0xff, 0xff, 0xff, 0xff, 0xff, 0xff, 0xff,
    0xff, 0xff, 0xff, 0xff, 0xff, 0xff, 0xff, 0xff, 0xff, 0xff, 0xff, 0xff, 0xff, 0xff, 0xff, 0xff, 0xff, 0xff, 0xff,
    0xff, 0xff, 0xff, 0xff, 0xff, 0xff, 0xff, 0xff, 0xff, 0xff, 0xff, 0xff, 0xff, 0xff, 0xff, 0xff, 0xff, 0xff, 0xff,
    0xff, 0xff, 0xff, 0xff, 0xff, 0xff, 0xff, 0xff, 0xff, 0xff, 0xff, 0xff, 0xff, 0xff, 0xff, 0xff, 0xff, 0xff, 0xff,
    0xff, 0xff, 0xff, 0xff, 0xff, 0xff, 0xff, 0xff, 0xff, 0xff, 0xff, 0xff, 0xff, 0xff, 0xff, 0xff, 0xff, 0xff, 0xff,
    0xff, 0xff, 0xff, 0xff, 0xff, 0xff, 0xff, 0xff, 0xff, 0xff, 0xff, 0xff, 0xff, 0xff, 0xff, 0xff, 0xff, 0xff, 0xff,
    0xff, 0xff, 0xff, 0xff, 0xff, 0xff, 0xff, 0xff, 0xff, 0xff, 0xff, 0xff, 0xff, 0xff, 0xff, 0xff, 0xff, 0xff, 0xff,
    0xff, 0xff, 0xff, 0xff, 0xff, 0xff, 0xff, 0xff, 0xff, 0xff, 0xff, 0xff, 0xff, 0xff, 0xff, 0xff, 0xff, 0xff, 0xff,
    0xff, 0xff, 0xff, 0xff, 0xff, 0xff, 0xff, 0xff, 0xff, 0xff, 0xff, 0xff, 0xff, 0xff, 0xff, 0xff, 0xff, 0xff, 0xff,
    0xff, 0xff, 0xff, 0xff, 0xff, 0xff, 0xff, 0xff, 0xff, 0xff, 0xff, 0xff, 0xff, 0xff, 0xff, 0xff, 0xff, 0xff, 0xff,
    0xff, 0xff, 0xff, 0xff, 0xff, 0xff, 0xff, 0xff, 0xff, 0xff, 0xff, 0xff, 0xff, 0xff, 0xff, 0xff, 0xff, 0xff, 0xff,
    0xff, 0xff, 0xff, 0xff, 0xff, 0xff, 0xff, 0xff, 0xff, 0xff, 0xff, 0xff, 0xff, 0xff, 0xff, 0xff, 0xff, 0xff, 0xff,
    0xff, 0xff, 0xff, 0xff, 0xff, 0xff, 0xff, 0xff, 0xff, 0xff, 0xff, 0xff, 0xff, 0xff, 0xff, 0xff, 0xff, 0xff, 0xff,
    0xff, 0xff, 0xff, 0xff, 0xff, 0xff, 0xff, 0xff, 0xff, 0xff, 0xff, 0xff, 0xff, 0xff, 0xff, 0xff, 0xff, 0xff, 0xff,
    0xff, 0xff, 0xff, 0xff, 0xff, 0xff, 0xff, 0xff, 0xff, 0xff, 0xff, 0xff, 0xff, 0xff, 0xff, 0xff, 0xff, 0xff, 0xff,
    0xff, 0xff, 0xff, 0xff, 0xff, 0xff, 0xff, 0xff, 0xff, 0xff, 0xff, 0xff, 0xff, 0xff, 0xff, 0xff, 0xff, 0xff, 0xff,
    0xff, 0xff, 0xff, 0xff, 0xff, 0xff, 0xff, 0xff, 0xff, 0xff, 0xff, 0xff, 0xff, 0xff, 0xff, 0xff, 0xff, 0xff, 0xff,
    0xff, 0xff, 0xff, 0xff, 0xff, 0xff, 0xff, 0xff, 0xff, 0xff, 0xff, 0xff, 0xff, 0xff, 0xff, 0xff, 0xff, 0xff, 0xff,
    0xff, 0xff, 0xff, 0xff, 0xff, 0xff, 0xff, 0xff, 0xff, 0xff, 0xff, 0xff, 0xff, 0xff, 0xff, 0xff, 0xff, 0xff, 0xff,
    0xff, 0xff, 0xff, 0xff, 0xff, 0xff, 0xff, 0xff, 0xff, 0xff, 0xff, 0xff, 0xff, 0xff, 0xff, 0xff, 0xff, 0xff, 0xff,
    0xff, 0xff, 0xff, 0xff, 0xff, 0xff, 0xff, 0xff, 0xff, 0xff, 0xff, 0xff, 0xff, 0xff, 0xff, 0xff, 0xff, 0xff, 0xff,
    0xff, 0xff, 0xff, 0xff, 0xff, 0xff, 0xff, 0xff, 0xff, 0xff, 0xff, 0xff, 0xff, 0xff, 0xff, 0xff, 0xff, 0xff, 0xff,
    0xff, 0xff, 0xff, 0xff, 0xff, 0xff, 0xff, 0xff, 0xff, 0xff, 0xff, 0xff, 0xff, 0xff, 0xff, 0xff, 0xff, 0xff, 0xff,
    0xff, 0xff, 0xff, 0xff, 0xff, 0xff, 0xff, 0xff, 0xff, 0xff, 0xff, 0xff, 0xff, 0xff, 0xff, 0xff, 0xff, 0xff, 0xff,
    0xff, 0xff, 0xff, 0xff, 0xff, 0xff, 0xff, 0xff, 0xff, 0xff, 0xff, 0xff, 0xff, 0xff, 0xff, 0xff, 0xff, 0xff, 0xff,
    0xff, 0xff, 0xff, 0xff, 0xff, 0xff, 0xff, 0xff, 0xff, 0xff, 0xff, 0xff, 0xff, 0xff, 0xff, 0xff, 0xff, 0xff, 0xff,
    0xff, 0xff, 0xff, 0xff, 0xff, 0xff, 0xff, 0xff, 0xff, 0xff, 0xff, 0xff, 0xff, 0xff, 0xff, 0xff, 0xff, 0xff, 0xff,
    0xff, 0xff, 0xff, 0xff, 0xff, 0xff, 0xff, 0xff, 0xff, 0xff, 0xff, 0xff, 0xff, 0xff, 0xff, 0xff, 0xff, 0xff, 0xff,
    0xff, 0xff, 0xff, 0xff, 0xff, 0xff, 0xff, 0xff, 0xff, 0xff, 0xff, 0xff, 0xff, 0xff, 0xff, 0xff, 0xff, 0xff, 0xff,
    0xff, 0xff, 0xff, 0xff, 0xff, 0xff, 0xff, 0xff, 0xff, 0xff, 0xff, 0xff, 0xff, 0xff, 0xff, 0xff, 0xff, 0xff, 0xff,
    0xff, 0xff, 0xff, 0xff, 0xff, 0xff, 0xff, 0xff, 0xff, 0xff, 0xff, 0xff, 0xff, 0xff, 0xff, 0xff, 0xff, 0xff, 0xff,
    0xff, 0xff, 0xff, 0xff, 0xff, 0xff, 0xff, 0xff, 0xff, 0xff, 0xff, 0xff, 0xff, 0xff, 0xff, 0xff, 0xff, 0xff, 0xff,
    0xff, 0xff, 0xff, 0xff, 0xff, 0xff, 0xff, 0xff, 0xff, 0xff, 0xff, 0xff, 0xff, 0xff, 0xff, 0xff, 0xff, 0xff, 0xff,
    0xff, 0xff, 0xff, 0xff, 0xff, 0xff, 0xff, 0xff, 0xff, 0xff, 0xff, 0xff, 0xff, 0xff, 0xff, 0xff, 0xff, 0xff, 0xff,
    0xff, 0xff, 0xff, 0xff, 0xff, 0xff, 0xff, 0xff, 0xff, 0xff, 0xff, 0xff, 0xff, 0xff, 0xff, 0xff, 0xff, 0xff, 0xff,
    0xff, 0xff, 0xff, 0xff, 0xff, 0xff, 0xff, 0xff, 0xff, 0xff, 0xff, 0xff, 0xff, 0xff, 0xff, 0xff, 0xff, 0xff, 0xff,
    0xff, 0xff, 0xff, 0xff, 0xff, 0xff, 0xff, 0xff, 0xff, 0xff, 0xff, 0xff, 0xff, 0xff, 0xff, 0xff, 0xff, 0xff, 0xff,
    0xff, 0xff, 0xff, 0xff, 0xff, 0xff, 0xff, 0xff, 0xff, 0xff, 0xff, 0xff, 0xff, 0xff, 0xff, 0xff, 0xff, 0xff, 0xff,
    0xff, 0xff, 0xff, 0xff, 0xff, 0xff, 0xff, 0xff, 0xff, 0xff, 0xff, 0xff, 0xff, 0xfe, 0xff, 0xff, 0xff, 0xff, 0xfb,
    0xbb, 0x5f, 0xff, 0xff, 0xff, 0xff, 0xdf, 0xff, 0xff, 0xff, 0xff, 0xff, 0xc5, 0x7f, 0xff, 0xff, 0xff, 0x5d, 0xff,
    0xff, 0xff, 0xff, 0xff, 0xff, 0xff, 0xf5, 0xdf, 0xff, 0xff, 0xff, 0xff, 0xff, 0xff, 0xff, 0xff, 0xff, 0xff, 0xff,
    0xff, 0xff, 0xff, 0xcf, 0xff, 0xf5, 0xfe, 0x7f, 0xc0, 0x1b, 0xcf, 0xc0, 0x00, 0x0f, 0xe7, 0xe7, 0xff, 0xab, 0xcf,
    0xff, 0xff, 0xff, 0xff, 0x3c, 0x00, 0x7f, 0x9e, 0x80, 0x7f, 0x00, 0x01, 0xff, 0xff, 0xff, 0xff, 0xff, 0xff, 0xf0,
    0x00, 0x1f, 0xf9, 0xfc, 0xff, 0xff, 0xff, 0xff, 0xff, 0xff, 0xff, 0xff, 0xff, 0xff, 0xff, 0xcf, 0xff, 0xe0, 0x3e,
    0xff, 0xd2, 0x19, 0x9f, 0x8d, 0x7f, 0xcf, 0xe7, 0xcf, 0xff, 0x00, 0xcf, 0xff, 0xff, 0xff, 0xff, 0x1c, 0x57, 0xff,
    0xcc, 0x24, 0xbf, 0xeb, 0x41, 0xff, 0xff, 0xff, 0xfc, 0x00, 0x3f, 0xfd, 0x6a, 0x1f, 0xf8, 0xf8, 0xff, 0xff, 0xff,
    0xff, 0xff, 0xff, 0xff, 0xff, 0xff, 0xff, 0xff, 0x9f, 0xaf, 0xff, 0xb8, 0x0f, 0xe7, 0x79, 0x9f, 0xdf, 0xfd, 0xcf,
    0xef, 0xcf, 0xff, 0xbc, 0x40, 0x7f, 0xff, 0xff, 0xff, 0xcf, 0xa4, 0xff, 0x07, 0xf3, 0xff, 0xcf, 0xf7, 0xf3, 0xf7,
    0xf3, 0xf8, 0x09, 0x3f, 0xfc, 0xfe, 0x7f, 0xfe, 0xf3, 0xbf, 0xff, 0xff, 0xff, 0xff, 0xff, 0xff, 0xff, 0xff, 0xff,
    0xfe, 0x80, 0x0f, 0xff, 0xf1, 0x07, 0xe7, 0x31, 0x3f, 0x9f, 0x9c, 0xcf, 0xc0, 0x00, 0x7f, 0x3e, 0x99, 0x1f, 0xff,
    0xff, 0xff, 0xfe, 0x01, 0xfe, 0x2f, 0xf3, 0xff, 0xef, 0xf3, 0xf3, 0xe3, 0xe7, 0xbd, 0xff, 0xfb, 0xfc, 0xff, 0x7f,
    0xff, 0x48, 0x3f, 0xff, 0xff, 0xff, 0xff, 0xff, 0xff, 0xff, 0xff, 0xff, 0xf8, 0x11, 0x6f, 0xff, 0xfc, 0xef, 0xe4,
    0x30, 0x0f, 0xd3, 0x9c, 0xcf, 0xc0, 0x20, 0x7f, 0xbe, 0x9e, 0x7f, 0xff, 0xff, 0xff, 0xff, 0xd7, 0xfe, 0x9f, 0xf3,
    0xff, 0xcf, 0xf7, 0xf3, 0xe3, 0xe7, 0x39, 0xff, 0xf3, 0xfc, 0xfe, 0x7f, 0xc0, 0x00, 0xff, 0xff, 0xff, 0xff, 0xff,
    0xff, 0xff, 0xff, 0xff, 0xff, 0xfb, 0xff, 0xe7, 0xf4, 0xbc, 0xe7, 0xe2, 0x7e, 0xdf, 0x98, 0xb9, 0xcf, 0xdf, 0x3f,
    0xff, 0x3c, 0x9e, 0x7f, 0xff, 0xff, 0xfe, 0x1d, 0x4d, 0x7f, 0xdf, 0xf3, 0xff, 0xef, 0xf3, 0xfb, 0xcb, 0xef, 0xb9,
    0xff, 0xfb, 0xfc, 0xff, 0x7f, 0xc5, 0x9f, 0xff, 0xff, 0xff, 0xff, 0xff, 0xff, 0xff, 0xff, 0xff, 0xff, 0xf9, 0xff,
    0xcf, 0xc0, 0x19, 0xef, 0xe7, 0x3e, 0x7f, 0xcc, 0x39, 0xdf, 0x9f, 0x7f, 0xff, 0xb6, 0x3c, 0xff, 0xff, 0xff, 0xfe,
    0x84, 0x20, 0x7f, 0x9f, 0xf3, 0xff, 0xcf, 0xf3, 0xf9, 0xc9, 0xcf, 0xf9, 0xff, 0xff, 0xfd, 0xff, 0x3f, 0xff, 0x9f,
    0xff, 0xff, 0xff, 0xff, 0xff, 0xff, 0xff, 0xff, 0xff, 0xff, 0xf8, 0x4a, 0xef, 0xf9, 0xfd, 0xe7, 0xe7, 0x3c, 0xff,
    0xde, 0xb3, 0xcf, 0xfe, 0x7e, 0xbf, 0x22, 0x9c, 0xff, 0xff, 0xff, 0xff, 0xef, 0xdf, 0xbf, 0xdf, 0xf3, 0xfc, 0x00,
    0x00, 0xf9, 0xc9, 0xcf, 0xf9, 0xff, 0xfb, 0xc0, 0x00, 0x0f, 0xff, 0x9f, 0xff, 0xff, 0xff, 0xff, 0xff, 0xff, 0xff,
    0xff, 0xff, 0xff, 0xf4, 0x00, 0xcf, 0xf9, 0xf9, 0xe7, 0xe5, 0x34, 0x87, 0x9e, 0x13, 0x9f, 0xf8, 0x00, 0x1f, 0xac,
    0xf9, 0xff, 0xff, 0xff, 0xff, 0xce, 0x50, 0x7f, 0x83, 0xf3, 0xfc, 0x40, 0x08, 0xf9, 0xdb, 0x9f, 0x18, 0x00, 0x73,
    0xc4, 0x10, 0x8f, 0xff, 0x9f, 0xaf, 0xff, 0xff, 0xff, 0xff, 0xff, 0xff, 0xff, 0xff, 0xff, 0xf9, 0xff, 0xef, 0xf3,
    0xf9, 0xe7, 0xe1, 0x20, 0x07, 0xce, 0x47, 0xdf, 0x82, 0x43, 0xff, 0x24, 0xc3, 0xff, 0xff, 0xff, 0xff, 0xce, 0x00,
    0x7f, 0x23, 0xf3, 0xff, 0xcf, 0xf3, 0xfd, 0x9c, 0x9f, 0xba, 0x48, 0x77, 0xfd, 0xff, 0x7f, 0xd0, 0x00, 0x0f, 0xff,
    0xff, 0xff, 0xff, 0xff, 0xff, 0xff, 0xff, 0xff, 0xfd, 0xff, 0xcf, 0xf3, 0xf9, 0xe7, 0xc7, 0x39, 0xff, 0xde, 0xcf,
    0x9f, 0x89, 0xff, 0xff, 0xe4, 0xeb, 0xff, 0xff, 0xff, 0xff, 0xcc, 0xff, 0x7c, 0x1f, 0xf3, 0xff, 0xcf, 0xf3, 0xfc,
    0x9c, 0xbf, 0x39, 0xff, 0xf3, 0xfc, 0xff, 0x3f, 0xc4, 0x49, 0x6f, 0xff, 0xff, 0xff, 0xff, 0xff, 0xff, 0xff, 0xff,
    0xff, 0xfc, 0xfd, 0xcf, 0xf3, 0xfb, 0xe7, 0xd7, 0x39, 0xff, 0xcc, 0xe3, 0xdf, 0xf9, 0xf9, 0xff, 0xcf, 0xe3, 0xff,
    0xff, 0xff, 0xff, 0xdd, 0x03, 0x7e, 0xdf, 0xf3, 0xff, 0xcf, 0xf3, 0xfc, 0xbc, 0x3f, 0x3b, 0xff, 0xf3, 0xf9, 0xff,
    0x3f, 0xfc, 0x7f, 0xff, 0xff, 0xff, 0xff, 0xff, 0xff, 0xff, 0xff, 0xff, 0xff, 0xfc, 0x00, 0x4f, 0xf7, 0xf3, 0xe7,
    0xe7, 0x3b, 0x7f, 0xcc, 0xc1, 0x9f, 0xf3, 0xf9, 0xff, 0xcf, 0xe1, 0xff, 0xff, 0xff, 0xff, 0xcc, 0x0a, 0x7f, 0xcf,
    0xf7, 0xff, 0xdf, 0xf7, 0xfc, 0x3e, 0xbf, 0x71, 0xff, 0xf3, 0xfa, 0xff, 0x3f, 0xf9, 0xef, 0xff, 0xff, 0xff, 0xff,
    0xff, 0xff, 0xff, 0xff, 0xff, 0xff, 0xfc, 0x8b, 0xcf, 0xe6, 0x3b, 0xef, 0xe7, 0x32, 0x3f, 0xc9, 0x9d, 0x9f, 0xf3,
    0xfc, 0xff, 0xcf, 0xe9, 0xff, 0xff, 0xff, 0xff, 0x9c, 0xf6, 0x7f, 0xdf, 0xf3, 0xff, 0x9f, 0xf3, 0xfe, 0x3e, 0x7f,
    0x3b, 0xff, 0xf7, 0xf9, 0xff, 0x3f, 0xf1, 0xe1, 0xff, 0xff, 0xff, 0xff, 0xff, 0xff, 0xff, 0xff, 0xff, 0xff, 0xfc,
    0xff, 0xcf, 0xe7, 0x73, 0xf7, 0xe0, 0x13, 0x3f, 0xcf, 0x9f, 0x9f, 0xe7, 0xfe, 0x7f, 0x83, 0xcc, 0x7f, 0xff, 0x1f,
    0xff, 0x9e, 0x00, 0xbe, 0x8f, 0xf7, 0xff, 0x3f, 0xfb, 0xfe, 0x7e, 0x7f, 0x3b, 0xff, 0xf3, 0xf3, 0xff, 0x3f, 0xe7,
    0xf0, 0xff, 0xff, 0xff, 0xff, 0xff, 0xff, 0xff, 0xff, 0xff, 0xff, 0xfe, 0xfe, 0xcf, 0xca, 0x33, 0xc7, 0xc8, 0xb7,
    0x9f, 0xcf, 0xbf, 0x9f, 0xcf, 0xfe, 0x3f, 0x91, 0xce, 0x7f, 0xff, 0x9f, 0xff, 0x9e, 0x2d, 0x7e, 0x5e, 0x13, 0xff,
    0x3f, 0xf3, 0xfe, 0x7f, 0xff, 0x73, 0xff, 0xe7, 0xf3, 0xff, 0x3f, 0xc7, 0xfe, 0x3f, 0xff, 0xff, 0xff, 0xff, 0xff,
    0xff, 0xff, 0xff, 0xff, 0xfc, 0x00, 0x1f, 0xe0, 0x37, 0x0f, 0xc7, 0x73, 0xcf, 0xcf, 0x3c, 0x3f, 0xcf, 0xff, 0x7f,
    0xbc, 0x9f, 0x3f, 0xff, 0xbf, 0xff, 0x86, 0x7e, 0x7f, 0x1e, 0x47, 0xfe, 0xbf, 0xfb, 0xff, 0xff, 0xff, 0x7b, 0xff,
    0xff, 0xe7, 0xff, 0x3f, 0x9f, 0xff, 0x1f, 0xff, 0xff, 0xff, 0xff, 0xff, 0xff, 0xff, 0xff, 0xff, 0xfe, 0x01, 0x1f,
    0xff, 0xa7, 0x3f, 0xff, 0x27, 0xef, 0xff, 0xfe, 0xbf, 0xff, 0xff, 0xff, 0x3f, 0x9f, 0xff, 0xff, 0x3f, 0xff, 0xae,
    0x78, 0x7f, 0xff, 0xef, 0xff, 0x7f, 0xf5, 0xff, 0xff, 0xff, 0xff, 0xff, 0xff, 0xf7, 0xff, 0xff, 0xbf, 0xff, 0xdf,
    0xff, 0xff, 0xff, 0xff, 0xff, 0xff, 0xff, 0xff, 0xff, 0xff, 0xff, 0xff, 0xff, 0xff, 0xff, 0xff, 0xff, 0xff, 0xff,
    0xff, 0xff, 0xff, 0xff, 0xff, 0xff, 0xff, 0xff, 0xff, 0x7f, 0xff, 0xff, 0x7f, 0xff, 0xff, 0xff, 0xff, 0xff, 0xff,
    0xff, 0xff, 0xff, 0xff, 0xff, 0xff, 0xff, 0xff, 0xff, 0xff, 0xff, 0xff, 0xff, 0xff, 0xff, 0xff, 0xff, 0xff, 0xff,
    0xff, 0xff, 0xff, 0xff, 0xff, 0xff, 0xff, 0xff, 0xff, 0xff, 0xff, 0xff, 0xff, 0xff, 0xff, 0xff, 0xff, 0xff, 0xff,
    0xff, 0xff, 0xff, 0xff, 0xff, 0xff, 0xff, 0xff, 0xff, 0xff, 0xff, 0xff, 0xff, 0xff, 0xff, 0xff, 0xff, 0xff, 0xff,
    0xff, 0xff, 0xff, 0xff, 0xff, 0xff, 0xff, 0xff, 0xff, 0xff, 0xff, 0xff, 0xff, 0xff, 0xff, 0xff, 0xff, 0xff, 0xff,
    0xff, 0xff, 0xff, 0xff, 0xff, 0xff, 0xff, 0xff, 0xff, 0xff, 0xff, 0xff, 0xff, 0xff, 0xff, 0xff, 0xff, 0xff, 0xff,
    0xff, 0xff, 0xff, 0xff, 0xff, 0xff, 0xff, 0xff, 0xff, 0xff, 0xff, 0xff, 0xff, 0xff, 0xff, 0xff, 0xff, 0xff, 0xff,
    0xff, 0xff, 0xff, 0xff, 0xff, 0xff, 0xff, 0xff, 0xff, 0xff, 0xff, 0xff, 0xff, 0xff, 0xff, 0xff, 0xff, 0xff, 0xff,
    0xff, 0xff, 0xff, 0xff, 0xff, 0xff, 0xff, 0xff, 0xff, 0xff, 0xff, 0xff, 0xff, 0xff, 0xff, 0xff, 0xff, 0xff, 0xff,
    0xff, 0xff, 0xff, 0xff, 0xff, 0xff, 0xff, 0xff, 0xff, 0xff, 0xff, 0xff, 0xff, 0xff, 0xff, 0xff, 0xff, 0xff, 0xff,
    0xff, 0xff, 0xff, 0xff, 0xff, 0xff, 0xff, 0xff, 0xff, 0xff, 0xff, 0xff, 0xff, 0xff, 0xff, 0xff, 0xff, 0xff, 0xff,
    0xff, 0xff, 0xff, 0xff, 0xff, 0xff, 0xff, 0xff, 0xff, 0xff, 0xff, 0xff, 0xff, 0xff, 0xff, 0xff, 0xff, 0xff, 0xff,
    0xff, 0xff, 0xff, 0xff, 0xff, 0xff, 0xff, 0xff, 0xff, 0xff, 0xff, 0xff, 0xff, 0xff, 0xff, 0xff, 0xff, 0xff, 0xff,
    0xff, 0xff, 0xff, 0xff, 0xff, 0xff, 0xff, 0xff, 0xff, 0xff, 0xff, 0xff, 0xff, 0xff, 0xff, 0xff, 0xff, 0xff, 0xff,
    0xff, 0xff, 0xff, 0xff, 0xff, 0xff, 0xff, 0xff, 0xff, 0xff, 0xff, 0xff, 0xff, 0xff, 0xff, 0xff, 0xff, 0xff, 0xff,
    0xff, 0xff, 0xff, 0xff, 0xff, 0xff, 0xff, 0xff, 0xff, 0xff, 0xff, 0xff, 0xff, 0xff, 0xff, 0xff, 0xff, 0xff, 0xff,
    0xff, 0xff, 0xff, 0xff, 0xff, 0xff, 0xff, 0xff, 0xff, 0xff, 0xff, 0xff, 0xff, 0xff, 0xff, 0xff, 0xff, 0xff, 0xff,
    0xff, 0xff, 0xff, 0xff, 0xff, 0xff, 0xff, 0xff, 0xff, 0xff, 0xff, 0xfe, 0xff, 0xff, 0xfe, 0xff, 0xff, 0xff, 0xff,
    0xfb, 0x6d, 0x4f, 0xff, 0xff, 0xff, 0xff, 0xff, 0xff, 0xff, 0xff, 0xff, 0xef, 0xfd, 0xff, 0xa8, 0x03, 0xff, 0xff,
    0xff, 0xff, 0xff, 0xff, 0xff, 0xb6, 0xff, 0xff, 0xff, 0xff, 0xff, 0xff, 0xff, 0xff, 0xff, 0xff, 0xff, 0xff, 0xff,
    0xff, 0xff, 0xff, 0xfb, 0xfc, 0xff, 0xfc, 0xfa, 0x6f, 0xf0, 0x0e, 0x07, 0xc0, 0x00, 0x17, 0xff, 0xff, 0xff, 0xff,
    0xff, 0xff, 0xcf, 0xe7, 0xfc, 0x01, 0x80, 0xfe, 0x02, 0x43, 0xff, 0xff, 0xff, 0xff, 0xff, 0xff, 0xe0, 0x00, 0xff,
    0xff, 0xff, 0xff, 0xff, 0xff, 0xff, 0xff, 0xff, 0xff, 0xff, 0xff, 0xff, 0xff, 0xff, 0xff, 0xf8, 0xf8, 0xef, 0xfd,
    0xe0, 0x07, 0xf4, 0x04, 0x93, 0xcd, 0xbf, 0xe7, 0xbf, 0xff, 0xbf, 0xc0, 0x03, 0xff, 0xcf, 0xcf, 0xfe, 0x11, 0x24,
    0xfe, 0x6f, 0x3b, 0xf7, 0xff, 0xef, 0xf8, 0x00, 0x7f, 0xe0, 0xda, 0xff, 0xff, 0xff, 0xff, 0xff, 0xff, 0xff, 0xff,
    0xff, 0xff, 0xff, 0xff, 0xff, 0xff, 0xff, 0xff, 0xfc, 0x62, 0x07, 0xfc, 0xbb, 0x4b, 0xfd, 0xbf, 0xe7, 0xcf, 0xfe,
    0xe7, 0x3f, 0x3f, 0x3f, 0xc0, 0x03, 0xff, 0xe7, 0x8d, 0xff, 0xb7, 0xfc, 0xfe, 0x62, 0x53, 0xe7, 0xef, 0xe7, 0xf0,
    0x02, 0x7f, 0xfd, 0xfc, 0xff, 0xff, 0xff, 0xff, 0xff, 0xff, 0xff, 0xff, 0xff, 0xff, 0xff, 0xff, 0xff, 0xff, 0xff,
    0xff, 0xff, 0xf1, 0x57, 0xf8, 0x3b, 0xcf, 0xfc, 0x9f, 0xf7, 0xcf, 0xce, 0x6f, 0xbf, 0x3f, 0x3b, 0xdf, 0xff, 0xbe,
    0x00, 0x11, 0xff, 0x27, 0xfc, 0xfe, 0x00, 0x03, 0xe7, 0xc7, 0xee, 0x7b, 0xff, 0xe7, 0xf9, 0xf9, 0xff, 0xff, 0xff,
    0xff, 0xff, 0xff, 0xff, 0xff, 0xff, 0xff, 0xff, 0xff, 0xff, 0xff, 0xff, 0xff, 0xfd, 0xf3, 0xff, 0xf2, 0xf9, 0x9f,
    0xfc, 0x9f, 0xe7, 0xc9, 0xce, 0x67, 0x9e, 0x3e, 0x79, 0x9f, 0xff, 0x9e, 0x20, 0x4b, 0xff, 0xb5, 0xfc, 0xff, 0xfd,
    0xef, 0xf7, 0xc7, 0xcf, 0x73, 0xff, 0xef, 0xfb, 0xf9, 0xff, 0xff, 0xff, 0xff, 0xff, 0xff, 0xff, 0xff, 0xff, 0xff,
    0xff, 0xff, 0xff, 0xff, 0xff, 0xff, 0xf0, 0x67, 0x7f, 0xfc, 0xe9, 0xff, 0xf8, 0x47, 0xf7, 0xe8, 0x9c, 0xcf, 0x9e,
    0x1e, 0x7b, 0xdf, 0xff, 0xbf, 0xff, 0xcf, 0xfe, 0x01, 0xfc, 0xfd, 0x00, 0x01, 0xf3, 0xd7, 0xcf, 0x73, 0xff, 0xf7,
    0xf3, 0xf3, 0xff, 0xff, 0xff, 0xff, 0xff, 0xff, 0xff, 0xff, 0xff, 0xff, 0xff, 0xff, 0xff, 0xff, 0xff, 0xff, 0xfa,
    0x67, 0x3f, 0xfc, 0xe0, 0x07, 0xe2, 0x16, 0x47, 0xce, 0x1c, 0xef, 0x9e, 0x9e, 0xff, 0x9f, 0xff, 0xff, 0xf3, 0xdf,
    0xfc, 0x88, 0xc8, 0xfc, 0x04, 0x11, 0xf3, 0x83, 0x9f, 0xf3, 0xff, 0xff, 0xe3, 0xf8, 0x1f, 0xff, 0xff, 0xff, 0xff,
    0xff, 0xff, 0xff, 0xff, 0xff, 0xff, 0xff, 0xff, 0xff, 0xff, 0xff, 0xfe, 0x60, 0x07, 0xfc, 0xf6, 0x87, 0xf4, 0xa4,
    0x07, 0xef, 0x39, 0xcf, 0xdc, 0xdc, 0xfd, 0x9f, 0xff, 0xdf, 0xe7, 0xcf, 0xfc, 0xa4, 0x82, 0xff, 0xf1, 0xef, 0xf3,
    0x93, 0x9f, 0x73, 0xff, 0xf7, 0xef, 0xfe, 0x1f, 0xff, 0xff, 0xff, 0xff, 0xff, 0xff, 0xff, 0xff, 0xff, 0xff, 0xff,
    0xff, 0xff, 0xff, 0xff, 0xfe, 0xec, 0x83, 0xfe, 0x3b, 0xff, 0xe4, 0x95, 0xe7, 0xcf, 0x13, 0xef, 0xcc, 0xcc, 0xf9,
    0x80, 0x07, 0x9f, 0xe7, 0xcf, 0xfc, 0x94, 0xbd, 0xff, 0x04, 0x07, 0xfb, 0xbb, 0xbf, 0x70, 0x00, 0xe7, 0xe6, 0x7d,
    0x3f, 0xff, 0xff, 0xff, 0xff, 0xff, 0xff, 0xff, 0xff, 0xff, 0xff, 0xff, 0xff, 0xff, 0xff, 0xff, 0xfe, 0x7f, 0x3f,
    0xfc, 0x79, 0xdf, 0xf6, 0x54, 0xff, 0xef, 0x43, 0xcf, 0xcd, 0xcd, 0xf3, 0xa1, 0x17, 0xbf, 0xef, 0xcf, 0x7c, 0xa4,
    0x9f, 0xfe, 0x55, 0xe7, 0xf9, 0x39, 0x3e, 0x72, 0x48, 0xe7, 0xce, 0x38, 0xff, 0xff, 0xff, 0xff, 0xff, 0xff, 0xff,
    0xff, 0xff, 0xff, 0xff, 0xff, 0xff, 0xff, 0xff, 0xff, 0xfe, 0xff, 0x3f, 0xf0, 0xc0, 0x03, 0xf0, 0x84, 0xff, 0xe6,
    0x67, 0xcf, 0xc9, 0xc9, 0xfb, 0x9f, 0xff, 0x3f, 0xc6, 0x80, 0x7c, 0xa0, 0xbf, 0xff, 0x00, 0x37, 0xf9, 0x39, 0x3f,
    0x77, 0xff, 0xef, 0xcf, 0x83, 0xff, 0xff, 0xff, 0xff, 0xff, 0xff, 0xff, 0xff, 0xff, 0xff, 0xff, 0xff, 0xff, 0xff,
    0xff, 0xff, 0xfc, 0xd2, 0x03, 0xf4, 0xc9, 0x6f, 0xf5, 0xe4, 0xff, 0xce, 0x61, 0xcf, 0xe9, 0xe1, 0xf3, 0x9f, 0xff,
    0xbc, 0x10, 0x21, 0x7c, 0xbd, 0x9f, 0xff, 0x3b, 0x67, 0xf9, 0x78, 0x7e, 0x63, 0xff, 0xe7, 0x9f, 0xcb, 0xff, 0xff,
    0xff, 0xff, 0xff, 0xff, 0xff, 0xff, 0xff, 0xff, 0xff, 0xff, 0xff, 0xff, 0xff, 0xff, 0xfc, 0xc0, 0x4b, 0xfd, 0x67,
    0xdf, 0xe2, 0x54, 0xff, 0xee, 0xe9, 0xcf, 0xe3, 0xe7, 0xfb, 0x9f, 0xff, 0x3c, 0x4b, 0xcf, 0xfc, 0xa4, 0xbf, 0xfe,
    0x00, 0x67, 0xfc, 0x7d, 0x7e, 0x77, 0xff, 0xe7, 0xdf, 0x81, 0xff, 0xff, 0xff, 0xff, 0xff, 0xff, 0xff, 0xff, 0xff,
    0xff, 0xff, 0xff, 0xff, 0xff, 0xff, 0xff, 0xfc, 0xff, 0x3f, 0xfe, 0xf3, 0x1f, 0xe1, 0x14, 0xe7, 0xe4, 0xcc, 0xcf,
    0xe3, 0xe3, 0xf3, 0xbf, 0xff, 0x3f, 0x9f, 0xcf, 0xfa, 0x04, 0x9c, 0xff, 0x44, 0x67, 0xfc, 0x7c, 0x7e, 0x77, 0xff,
    0xef, 0xfe, 0x39, 0xff, 0xff, 0xff, 0xff, 0xff, 0xff, 0xff, 0xff, 0xff, 0xff, 0xff, 0xff, 0xff, 0xff, 0xff, 0xff,
    0xfc, 0xff, 0x7f, 0xfc, 0xf0, 0x3f, 0xea, 0xf4, 0xe7, 0xef, 0x8f, 0xcf, 0xe3, 0xf7, 0xf3, 0x1f, 0xff, 0x3f, 0x9f,
    0xef, 0xfc, 0xfc, 0xbc, 0xfe, 0x35, 0x67, 0xfc, 0xfc, 0xfe, 0x67, 0xff, 0xe7, 0xfc, 0xbc, 0x7f, 0xff, 0xff, 0xff,
    0xff, 0xff, 0xff, 0xff, 0xff, 0xff, 0xff, 0xff, 0xff, 0xff, 0xff, 0xff, 0xf8, 0x3f, 0xd1, 0xf8, 0xf8, 0x8f, 0xf3,
    0xa4, 0x27, 0xe7, 0xdf, 0x9f, 0xf7, 0xff, 0xf3, 0xbf, 0xff, 0x3f, 0xbf, 0xcf, 0xfe, 0x58, 0x81, 0xfe, 0x00, 0x6f,
    0xfc, 0x7f, 0xfe, 0xf7, 0xff, 0xcf, 0xf8, 0xff, 0x1f, 0xff, 0xff, 0xff, 0xff, 0xff, 0xff, 0xff, 0xff, 0xff, 0xff,
    0xff, 0xff, 0xff, 0xff, 0xff, 0xf3, 0x00, 0x01, 0xf3, 0xe3, 0x43, 0xf0, 0x06, 0x4f, 0xe7, 0x9e, 0x5f, 0xff, 0xff,
    0xfb, 0xdf, 0xff, 0xff, 0x9f, 0xef, 0xfc, 0x02, 0x89, 0xfd, 0x57, 0x02, 0xff, 0xff, 0xfe, 0xf7, 0xff, 0xff, 0xe3,
    0xff, 0xbf, 0xff, 0xff, 0xff, 0xff, 0xff, 0xff, 0xff, 0xff, 0xff, 0xff, 0xff, 0xff, 0xff, 0xff, 0xff, 0xf7, 0xc8,
    0xbf, 0xff, 0xf7, 0xf7, 0xf9, 0xbf, 0xff, 0xff, 0xff, 0x3f, 0xff, 0xff, 0xff, 0xff, 0xff, 0xff, 0x7f, 0xe7, 0xff,
    0x6f, 0xff, 0xf8, 0x00, 0x21, 0xff, 0xff, 0xff, 0xff, 0xff, 0xff, 0xf7, 0xff, 0xff, 0xff, 0xff, 0xff, 0xff, 0xff,
    0xff, 0xff, 0xff, 0xff, 0xff, 0xff, 0xff, 0xff, 0xff, 0xff, 0xff, 0xff, 0xff, 0xff, 0xff, 0xff, 0xff, 0xff, 0xff,
    0xff, 0xff, 0xff, 0xff, 0xff, 0xff, 0xff, 0xff, 0xff, 0xff, 0xff, 0xff, 0xff, 0xff, 0xfb, 0x7f, 0xdf, 0xff, 0xff,
    0xff, 0xff, 0xff, 0xff, 0xff, 0xff, 0xff, 0xff, 0xff, 0xff, 0xff, 0xff, 0xff, 0xff, 0xff, 0xff, 0xff, 0xff, 0xff,
    0xff, 0xff, 0xff, 0xff, 0xff, 0xff, 0xff, 0xff, 0xff, 0xff, 0xff, 0xff, 0xff, 0xff, 0xff, 0xff, 0xff, 0xff, 0xff,
    0xff, 0xff, 0xff, 0xff, 0xff, 0xff, 0xff, 0xff, 0xff, 0xff, 0xff, 0xff, 0xff, 0xff, 0xff, 0xff, 0xff, 0xff, 0xff,
    0xff, 0xff, 0xff, 0xff, 0xff, 0xff, 0xff, 0xff, 0xff, 0xff, 0xff, 0xff, 0xff, 0xff, 0xff, 0xff, 0xff, 0xff, 0xff,
    0xff, 0xff, 0xff, 0xff, 0xff, 0xff, 0xff, 0xff, 0xff, 0xff, 0xff, 0xff, 0xff, 0xff, 0xff, 0xff, 0xff, 0xff, 0xff,
    0xff, 0xff, 0xff, 0xff, 0xff, 0xff, 0xff, 0xff, 0xff, 0xff, 0xff, 0xff, 0xff, 0xff, 0xff, 0xff, 0xff, 0xff, 0xff,
    0xff, 0xff, 0xff, 0xff, 0xff, 0xff, 0xff, 0xff, 0xff, 0xff, 0xff, 0xff, 0xff, 0xff, 0xff, 0xff, 0xff, 0xff, 0xff,
    0xff, 0xff, 0xff, 0xff, 0xff, 0xff, 0xff, 0xff, 0xff, 0xff, 0xff, 0xff, 0xff, 0xff, 0xff, 0xff, 0xff, 0xff, 0xff,
    0xff, 0xff, 0xff, 0xff, 0xff, 0xff, 0xff, 0xff, 0xff, 0xff, 0xff, 0xff, 0xff, 0xff, 0xff, 0xff, 0xff, 0xff, 0xff,
    0xff, 0xff, 0xff, 0xff, 0xff, 0xff, 0xff, 0xff, 0xff, 0xff, 0xff, 0xff, 0xff, 0xff, 0xff, 0xff, 0xff, 0xff, 0xff,
    0xff, 0xff, 0xff, 0xff, 0xff, 0xff, 0xff, 0xff, 0xff, 0xff, 0xff, 0xff, 0xff, 0xff, 0xff, 0xff, 0xff, 0xff, 0xff,
    0xff, 0xff, 0xff, 0xff, 0xff, 0xff, 0xff, 0xff, 0xff, 0xff, 0xff, 0xff, 0xff, 0xff, 0xff, 0xff, 0xff, 0xff, 0xff,
    0xff, 0xff, 0xff, 0xff, 0xff, 0xff, 0xff, 0xff, 0xff, 0xff, 0xff, 0xff, 0xff, 0xff, 0xff, 0xff, 0xff, 0xff, 0xff,
    0xff, 0xff, 0xff, 0xff, 0xff, 0xff, 0xff, 0xff, 0xff, 0xff, 0xff, 0xff, 0xff, 0xff, 0xff, 0xff, 0xff, 0xff, 0xff,
    0xff, 0xff, 0xff, 0xff, 0xff, 0xff, 0xff, 0xff, 0xff, 0xff, 0xff, 0xff, 0xff, 0xff, 0xff, 0xff, 0xff, 0xff, 0xff,
    0xff, 0xff, 0xff, 0xff, 0xff, 0xff, 0xff, 0xff, 0xff, 0xff, 0xff, 0xff, 0xff, 0xff, 0xff, 0xff, 0xff, 0xff, 0xff,
    0xff, 0xff, 0xff, 0xff, 0xff, 0xff, 0xff, 0xff, 0xff, 0xff, 0xff, 0xff, 0xff, 0xff, 0xff, 0xff, 0xff, 0xff, 0xff,
    0xff, 0xff, 0xfc, 0xff, 0xff, 0xff, 0xe7, 0xff, 0xef, 0xfa, 0x8f, 0xff, 0xff, 0xff, 0xff, 0xff, 0xff, 0xff, 0xff,
    0xff, 0xff, 0xff, 0xff, 0xff, 0xff, 0xff, 0xff, 0xff, 0xff, 0xff, 0xff, 0xff, 0xff, 0xff, 0xff, 0xff, 0xff, 0xff,
    0xff, 0xff, 0xff, 0xff, 0xff, 0xff, 0xff, 0xff, 0xff, 0xff, 0xff, 0xfe, 0xa8, 0x0f, 0xf9, 0xff, 0xaf, 0xf5, 0x25,
    0x27, 0xe7, 0xe0, 0x27, 0xff, 0xff, 0xff, 0xff, 0xff, 0xff, 0xff, 0xff, 0xff, 0xff, 0xff, 0xff, 0xff, 0xff, 0xff,
    0xff, 0xff, 0xff, 0xff, 0xff, 0xff, 0xff, 0xff, 0xff, 0xff, 0xff, 0xff, 0xff, 0xff, 0xff, 0xff, 0xff, 0xff, 0xff,
    0xff, 0xff, 0xff, 0xff, 0xfc, 0x00, 0x0f, 0xf9, 0xa0, 0x0f, 0xe0, 0x00, 0x07, 0xc2, 0x67, 0xe7, 0xff, 0xff, 0xff,
    0xff, 0xff, 0xff, 0xff, 0xff, 0xff, 0xff, 0xff, 0xff, 0xff, 0xff, 0xff, 0xff, 0xff, 0xff, 0xff, 0xff, 0xff, 0xff,
    0xff, 0xff, 0xff, 0xff, 0xff, 0xff, 0xff, 0xff, 0xff, 0xff, 0xff, 0xff, 0xff, 0xff, 0xff, 0xff, 0xff, 0xf3, 0xff,
    0xf8, 0x00, 0xb7, 0xcf, 0xff, 0xf3, 0xc8, 0x67, 0xe7, 0xff, 0xff, 0xff, 0xff, 0xff, 0xff, 0xff, 0xff, 0xff, 0xff,
    0xff, 0xff, 0xff, 0xff, 0xff, 0xff, 0xff, 0xff, 0xff, 0xff, 0xff, 0xff, 0xff, 0xff, 0xff, 0xff, 0xff, 0xff, 0xff,
    0xff, 0xff, 0xff, 0xff, 0xff, 0xff, 0xff, 0xff, 0xff, 0xff, 0xf3, 0xff, 0xf2, 0xff, 0xff, 0xef, 0xfb, 0xf7, 0xff,
    0xe7, 0xe7, 0xff, 0xff, 0xff, 0xff, 0xff, 0xff, 0xff, 0xff, 0xff, 0xff, 0xff, 0xff, 0xff, 0xff, 0xff, 0xff, 0xff,
    0xff, 0xff, 0xff, 0xff, 0xff, 0xff, 0xff, 0xff, 0xff, 0xff, 0xff, 0xff, 0xff, 0xff, 0xff, 0xff, 0xff, 0xff, 0xff,
    0xff, 0xff, 0xff, 0xf3, 0xff, 0xf3, 0xff, 0xff, 0xe3, 0x31, 0xa7, 0xfe, 0xe5, 0x27, 0xff, 0xff, 0xff, 0xff, 0xff,
    0xff, 0xff, 0xff, 0xff, 0xff, 0xff, 0xff, 0xff, 0xff, 0xff, 0xff, 0xff, 0xff, 0xff, 0xff, 0xff, 0xff, 0xff, 0xff,
    0xff, 0xff, 0xff, 0xff, 0xff, 0xff, 0xff, 0xff, 0xff, 0xff, 0xff, 0xff, 0xff, 0xff, 0xff, 0xf3, 0xff, 0xef, 0xd4,
    0x1f, 0xf9, 0x3c, 0x3f, 0xe0, 0xc0, 0x67, 0xff, 0xff, 0xff, 0xff, 0xff, 0xff, 0xff, 0xff, 0xff, 0xff, 0xff, 0xff,
    0xff, 0xff, 0xff, 0xff, 0xff, 0xff, 0xff, 0xff, 0xff, 0xff, 0xff, 0xff, 0xff, 0xff, 0xff, 0xff, 0xff, 0xff, 0xff,
    0xff, 0xff, 0xff, 0xff, 0xff, 0xff, 0xff, 0xff, 0xf7, 0xff, 0xfe, 0x00, 0x5f, 0xe3, 0x30, 0x9f, 0xc0, 0xcf, 0xe7,
    0xff, 0xff, 0xff, 0xff, 0xff, 0xff, 0xff, 0xff, 0xff, 0xff, 0xff, 0xff, 0xff, 0xff, 0xff, 0xff, 0xff, 0xff, 0xff,
    0xff, 0xff, 0xff, 0xff, 0xff, 0xff, 0xff, 0xff, 0xff, 0xff, 0xff, 0xff, 0xff, 0xff, 0xff, 0xff, 0xff, 0xff, 0xff,
    0xf9, 0x01, 0x57, 0xfe, 0x5f, 0xff, 0xef, 0x03, 0x8f, 0xfb, 0xe7, 0xe7, 0xff, 0xff, 0xff, 0xff, 0xff, 0xff, 0xff,
    0xff, 0xff, 0xff, 0xff, 0xff, 0xff, 0xff, 0xff, 0xff, 0xff, 0xff, 0xff, 0xff, 0xff, 0xff, 0xff, 0xff, 0xff, 0xff,
    0xff, 0xff, 0xff, 0xff, 0xff, 0xff, 0xff, 0xff, 0xff, 0xff, 0xff, 0xff, 0xf0, 0x50, 0x03, 0xff, 0xff, 0xff, 0xf6,
    0x5f, 0xd7, 0xf3, 0xe7, 0xef, 0xff, 0xff, 0xff, 0xff, 0xff, 0xff, 0xff, 0xff, 0xff, 0xff, 0xff, 0xff, 0xff, 0xff,
    0xff, 0xff, 0xff, 0xff, 0xff, 0xff, 0xff, 0xff, 0xff, 0xff, 0xff, 0xff, 0xff, 0xff, 0xff, 0xff, 0xff, 0xff, 0xff,
    0xff, 0xff, 0xff, 0xff, 0xff, 0xff, 0x8f, 0xff, 0xfd, 0xa8, 0x3f, 0xf0, 0x35, 0x67, 0xf2, 0x66, 0xa7, 0xff, 0xff,
    0xff, 0xff, 0xff, 0xff, 0xff, 0xff, 0xff, 0xff, 0xff, 0xff, 0xff, 0xff, 0xff, 0xff, 0xff, 0xff, 0xff, 0xff, 0xff,
    0xff, 0xff, 0xff, 0xff, 0xff, 0xff, 0xff, 0xff, 0xff, 0xff, 0xff, 0xff, 0xff, 0xff, 0xff, 0xff, 0xff, 0xff, 0xcf,
    0xff, 0xf8, 0x02, 0x1f, 0xf3, 0x00, 0x7f, 0xc0, 0x60, 0x2f, 0xff, 0xff, 0xff, 0xff, 0xff, 0xff, 0xff, 0xff, 0xff,
    0xff, 0xff, 0xff, 0xff, 0xff, 0xff, 0xff, 0xff, 0xff, 0xff, 0xff, 0xff, 0xff, 0xff, 0xff, 0xff, 0xff, 0xff, 0xff,
    0xff, 0xff, 0xff, 0xff, 0xff, 0xff, 0xff, 0xff, 0xff, 0xff, 0xff, 0x1c, 0x7f, 0xfa, 0xff, 0xbf, 0xff, 0x9b, 0xff,
    0xeb, 0xeb, 0xe7, 0xff, 0xff, 0xff, 0xff, 0xff, 0xff, 0xff, 0xff, 0xff, 0xff, 0xff, 0xff, 0xff, 0xff, 0xff, 0xff,
    0xff, 0xff, 0xff, 0xff, 0xff, 0xff, 0xff, 0xff, 0xff, 0xff, 0xff, 0xff, 0xff, 0xff, 0xff, 0xff, 0xff, 0xff, 0xff,
    0xff, 0xff, 0xff, 0xff, 0x3e, 0x7f, 0xff, 0xff, 0x3f, 0xff, 0xef, 0xff, 0xf3, 0xe7, 0xcf, 0xff, 0xff, 0xff, 0xff,
    0xff, 0xff, 0xff, 0xff, 0xff, 0xff, 0xff, 0xff, 0xff, 0xff, 0xff, 0xff, 0xff, 0xff, 0xff, 0xff, 0xff, 0xff, 0xff,
    0xff, 0xff, 0xff, 0xff, 0xff, 0xff, 0xd5, 0xff, 0xff, 0xff, 0xff, 0xff, 0xff, 0xff, 0xff, 0xfe, 0x7f, 0x1f, 0xff,
    0xff, 0xbf, 0xf3, 0xe7, 0xcf, 0xf3, 0xe7, 0xe7, 0xff, 0xff, 0xff, 0xff, 0xff, 0xff, 0xff, 0xff, 0xff, 0xff, 0xff,
    0xff, 0xff, 0xff, 0xff, 0xff, 0xff, 0xff, 0xff, 0xff, 0xff, 0xff, 0xff, 0xff, 0xff, 0xff, 0xff, 0xff, 0xff, 0xa5,
    0xff, 0xff, 0xff, 0xff, 0xff, 0xff, 0xff, 0xff, 0xfc, 0xff, 0x8f, 0xff, 0xff, 0x3f, 0xf9, 0xe7, 0xcf, 0xf3, 0x67,
    0xef, 0xaf, 0xff, 0xff, 0xff, 0xff, 0xff, 0xff, 0xff, 0xff, 0xff, 0xff, 0xff, 0xff, 0xff, 0xff, 0xff, 0xff, 0xff,
    0xff, 0xff, 0xff, 0xff, 0xff, 0xff, 0xff, 0xff, 0xff, 0xff, 0xff, 0x81, 0x7f, 0xff, 0xff, 0xff, 0xff, 0xff, 0xff,
    0xff, 0xf9, 0xff, 0xd7, 0xff, 0xff, 0x1f, 0xf7, 0xe7, 0xcf, 0xf0, 0x6f, 0xcf, 0x8f, 0xff, 0xff, 0xff, 0xff, 0xff,
    0xff, 0xff, 0xff, 0xff, 0xff, 0xff, 0xff, 0xff, 0xff, 0xff, 0xff, 0xff, 0xff, 0xff, 0xff, 0xff, 0xff, 0xff, 0xff,
    0xff, 0xff, 0xff, 0xff, 0x54, 0xbf, 0xff, 0xff, 0xff, 0xff, 0xff, 0xff, 0xff, 0xf9, 0xff, 0xef, 0xff, 0xff, 0x87,
    0xf9, 0x66, 0xcf, 0xf2, 0xcf, 0x0f, 0x1f, 0xff, 0xff, 0xff, 0xff, 0xff, 0xff, 0xff, 0xff, 0xff, 0xff, 0xff, 0xff,
    0xff, 0xff, 0xff, 0xff, 0xff, 0xff, 0xff, 0xff, 0xff, 0xff, 0xff, 0xff, 0xff, 0xff, 0xff, 0xff, 0x00, 0x5f, 0xff,
    0xff, 0xff, 0xff, 0xff, 0xff, 0xff, 0xff, 0xff, 0xff, 0xff, 0xff, 0xe3, 0xf0, 0x00, 0x0f, 0xfb, 0xdf, 0x2f, 0xdf,
    0xff, 0xff, 0xff, 0xff, 0xff, 0xff, 0xff, 0xff, 0xff, 0xff, 0xff, 0xff, 0xff, 0xff, 0xff, 0xff, 0xff, 0xff, 0xff,
    0xff, 0xff, 0xff, 0xff, 0xff, 0xff, 0xff, 0xff, 0xff, 0x49, 0x2f, 0xff, 0xff, 0xff, 0xff, 0xff, 0xff, 0xff, 0xff,
    0xff, 0xff, 0xff, 0xff, 0xff, 0xff, 0x7b, 0x7f, 0xff, 0xff, 0xff, 0xff, 0xff, 0xff, 0xff, 0xff, 0xff, 0xff, 0xff,
    0xff, 0xff, 0xff, 0xff, 0xff, 0xff, 0xff, 0xff, 0xff, 0xff, 0xff, 0xff, 0xff, 0xff, 0xff, 0xff, 0xff, 0xff, 0xff,
    0xff, 0xfe, 0x84, 0x1f, 0xff, 0xff, 0xff, 0xff, 0xff, 0xff, 0xff, 0xff, 0xff, 0xff, 0xff, 0xff, 0xff, 0xff, 0xff,
    0xff, 0xff, 0xff, 0xff, 0xff, 0xff, 0xff, 0xff, 0xff, 0xff, 0xff, 0xff, 0xff, 0xff, 0xff, 0xff, 0xff, 0xff, 0xff,
    0xff, 0xff, 0xff, 0xff, 0xff, 0xff, 0xff, 0xff, 0xff, 0xff, 0xff, 0xff, 0xff, 0xff, 0x15, 0x27, 0xff, 0xff, 0xff,
    0xff, 0xff, 0xff, 0xff, 0xff, 0xff, 0xff, 0xff, 0xff, 0xff, 0xff, 0xff, 0xff, 0xff, 0xff, 0xff, 0xff, 0xff, 0xff,
    0xff, 0xff, 0xff, 0xff, 0xff, 0xff, 0xff, 0xff, 0xff, 0xff, 0xff, 0xff, 0xff, 0xff, 0xff, 0xff, 0xff, 0xff, 0xff,
    0xff, 0xff, 0xff, 0xff, 0xff, 0xff, 0xfe, 0x8a, 0x0b, 0xff, 0xff, 0xff, 0xff, 0xff, 0xff, 0xff, 0xff, 0xff, 0xff,
    0xff, 0xff, 0xff, 0xff, 0xff, 0xff, 0xff, 0xff, 0xff, 0xff, 0xff, 0xff, 0xff, 0xff, 0xff, 0xff, 0xff, 0xff, 0xff,
    0xff, 0xff, 0xff, 0xff, 0xff, 0xff, 0xff, 0xff, 0xff, 0xff, 0xff, 0xff, 0xff, 0xff, 0xff, 0xff, 0xff, 0xff, 0xff,
    0x26, 0xa2, 0xff, 0xff, 0xff, 0xff, 0xff, 0xff, 0xff, 0xff, 0xff, 0xff, 0xff, 0xff, 0xff, 0xff, 0xff, 0xff, 0xff,
    0xff, 0xff, 0xff, 0xff, 0xff, 0xff, 0xff, 0xff, 0xff, 0xff, 0xff, 0xff, 0xff, 0xff, 0xff, 0xff, 0xff, 0xff, 0xff,
    0xff, 0xff, 0xff, 0xff, 0xff, 0xff, 0xff, 0xff, 0xff, 0xff, 0xff, 0xfe, 0x8d, 0x05, 0xff, 0xff, 0xff, 0xff, 0xff,
    0xff, 0xff, 0xff, 0xff, 0xff, 0xff, 0xff, 0xff, 0xff, 0xff, 0xff, 0xff, 0xff, 0xff, 0xff, 0xff, 0xff, 0xff, 0xff,
    0xff, 0xff, 0xff, 0xff, 0xff, 0xff, 0xff, 0xff, 0xff, 0xff, 0xff, 0xff, 0xff, 0xff, 0xff, 0xff, 0xff, 0xff, 0xff,
    0xff, 0xff, 0xff, 0xff, 0xff, 0x06, 0x91, 0x7f, 0xff, 0xff, 0xff, 0xff, 0xff, 0xff, 0xff, 0xff, 0xff, 0xff, 0xff,
    0xff, 0xff, 0xff, 0xff, 0xff, 0xff, 0xff, 0xff, 0xff, 0xff, 0xff, 0xff, 0xff, 0xff, 0xff, 0xff, 0xff, 0xff, 0xff,
    0xff, 0xff, 0xff, 0xff, 0xff, 0xff, 0xff, 0xff, 0xff, 0xff, 0xff, 0xff, 0xff, 0xff, 0xff, 0xff, 0xfe, 0xaa, 0x01,
    0x57, 0xff, 0xff, 0xff, 0xff, 0xff, 0xff, 0xff, 0xff, 0xff, 0xff, 0xff, 0xff, 0xff, 0xff, 0xff, 0xff, 0xff, 0xff,
    0xff, 0xff, 0xff, 0xff, 0xff, 0xff, 0xff, 0xff, 0xff, 0xff, 0xff, 0xff, 0xff, 0xff, 0xff, 0xff, 0xff, 0xff, 0xff,
    0xff, 0xff, 0xff, 0xff, 0xff, 0xff, 0xff, 0xff, 0xff, 0xff, 0x0f, 0x48, 0x4b, 0xff, 0xff, 0xff, 0xff, 0xff, 0xff,
    0xff, 0xff, 0xff, 0xff, 0xff, 0xff, 0xff, 0xff, 0xff, 0xff, 0xff, 0xff, 0xff, 0xff, 0xff, 0xff, 0xff, 0xff, 0xff,
    0xff, 0xff, 0xff, 0xff, 0xff, 0xff, 0xff, 0xff, 0xff, 0xff, 0xff, 0xff, 0xff, 0xff, 0xff, 0xff, 0xff, 0xff, 0xff,
    0xff, 0xff, 0xfe, 0x83, 0x22, 0x05, 0xff, 0xff, 0xff, 0xff, 0xff, 0xff, 0xff, 0xff, 0xff, 0xff, 0xff, 0xff, 0xff,
    0xff, 0xff, 0xff, 0xff, 0xff, 0xff, 0xff, 0xff, 0xff, 0xff, 0xff, 0xff, 0xff, 0xff, 0xff, 0xff, 0xff, 0xff, 0xff,
    0xff, 0xff, 0xff, 0xff, 0xff, 0xff, 0xff, 0xff, 0xff, 0xff, 0xff, 0xff, 0xff, 0xff, 0xff, 0x57, 0x80, 0x91, 0x7f,
    0xff, 0xff, 0xff, 0xff, 0xff, 0xff, 0xff, 0xff, 0xff, 0xff, 0xff, 0xff, 0xff, 0xff, 0xff, 0xff, 0xff, 0xff, 0xff,
    0xff, 0xff, 0xff, 0xff, 0xff, 0xff, 0xff, 0xff, 0xff, 0xff, 0xff, 0xff, 0xff, 0xff, 0xff, 0xff, 0xff, 0xff, 0xff,
    0xff, 0xff, 0xff, 0xff, 0xff, 0xff, 0xff, 0xff, 0x05, 0xe8, 0x02, 0xff, 0xff, 0xff, 0xff, 0xff, 0xff, 0xff, 0xff,
    0xff, 0xff, 0xff, 0xff, 0xff, 0xff, 0xff, 0xff, 0xff, 0xff, 0xff, 0xff, 0xff, 0xff, 0xff, 0xff, 0xff, 0xff, 0xff,
    0xff, 0xff, 0xff, 0xff, 0xff, 0xff, 0xff, 0xff, 0xff, 0xff, 0xff, 0xff, 0xff, 0xff, 0xff, 0xff, 0xff, 0xff, 0xff,
    0xff, 0xa7, 0xd2, 0x48, 0xff, 0xff, 0xff, 0xff, 0xff, 0xff, 0xff, 0xff, 0xff, 0xff, 0xff, 0xff, 0xff, 0xff, 0xff,
    0xff, 0xff, 0xff, 0xff, 0xff, 0xff, 0xff, 0xff, 0xff, 0xff, 0xff, 0xff, 0xff, 0xff, 0xff, 0xff, 0xff, 0xff, 0xff,
    0xff, 0xff, 0xff, 0xff, 0xff, 0xff, 0xff, 0xff, 0xff, 0xff, 0xff, 0xff, 0xff, 0x82, 0xe8, 0x01, 0x3f, 0xff, 0xff,
    0xff, 0xff, 0xff, 0xff, 0xff, 0xff, 0xff, 0xff, 0xff, 0xff, 0xff, 0xff, 0xff, 0xff, 0xff, 0xff, 0xff, 0xff, 0xff,
    0xff, 0xff, 0xff, 0xff, 0xff, 0xff, 0xff, 0xff, 0xff, 0xff, 0xff, 0xff, 0xff, 0xff, 0xff, 0xff, 0xff, 0xff, 0xff,
    0xff, 0xff, 0xff, 0xff, 0xff, 0xff, 0x53, 0xf1, 0x28, 0x7f, 0xff, 0xff, 0xff, 0xff, 0xff, 0xff, 0xff, 0xff, 0xff,
    0xff, 0xff, 0xff, 0xff, 0xff, 0xff, 0xff, 0xff, 0xff, 0xff, 0xff, 0xff, 0xff, 0xff, 0xff, 0xff, 0xff, 0xff, 0xff,
    0xff, 0xff, 0xff, 0xff, 0xff, 0xff, 0xff, 0xff, 0xff, 0xff, 0xff, 0xff, 0xff, 0xff, 0xff, 0xff, 0xff, 0xfb, 0xa2,
    0xe8, 0x02, 0x5f, 0xff, 0xff, 0xff, 0xff, 0xff, 0xff, 0xff, 0xff, 0xff, 0xff, 0xff, 0xff, 0xff, 0xff, 0xff, 0xff,
    0xff, 0xff, 0xff, 0xff, 0xff, 0xff, 0xff, 0xff, 0xff, 0xff, 0xff, 0xff, 0xff, 0xff, 0xff, 0xff, 0xff, 0xff, 0xff,
    0xff, 0xff, 0xff, 0xff, 0xff, 0xff, 0xff, 0xff, 0xff, 0xff, 0xca, 0x89, 0xf2, 0x48, 0x3f, 0xff, 0xff, 0xff, 0xff,
    0xff, 0xff, 0xff, 0xff, 0xff, 0xff, 0xff, 0xff, 0xff, 0xff, 0xff, 0xff, 0xff, 0xff, 0xff, 0xff, 0xff, 0xff, 0xff,
    0xff, 0xff, 0xff, 0xff, 0xff, 0xff, 0xff, 0xff, 0xff, 0xff, 0xff, 0xff, 0xff, 0xff, 0xff, 0xff, 0xff, 0xff, 0xff,
    0xff, 0xff, 0xff, 0xa0, 0xd2, 0xc8, 0x81, 0x1f, 0xff, 0xff, 0xff, 0xff, 0xff, 0xff, 0xff, 0xff, 0xff, 0xff, 0xff,
    0xff, 0xff, 0xff, 0xff, 0xff, 0xff, 0xff, 0xff, 0xff, 0xff, 0xff, 0xff, 0xff, 0xff, 0xff, 0xff, 0xff, 0xff, 0xff,
    0xff, 0xff, 0xff, 0xff, 0xff, 0xff, 0xff, 0xff, 0xff, 0xff, 0xff, 0xff, 0xff, 0xff, 0xff, 0x89, 0x21, 0x61, 0x24,
    0x4f, 0xff, 0xff, 0xff, 0xff, 0xff, 0xff, 0xff, 0xff, 0xff, 0xff, 0xff, 0xff, 0xff, 0xff, 0xff, 0xff, 0xff, 0xff,
    0xff, 0xff, 0xff, 0xff, 0xff, 0xff, 0xff, 0xff, 0xff, 0xff, 0xff, 0xff, 0xff, 0xff, 0xff, 0xff, 0xff, 0xff, 0xff,
    0xff, 0xff, 0xff, 0xff, 0xff, 0xff, 0xff, 0xff, 0xa0, 0x08, 0xd2, 0x80, 0x17, 0xff, 0xff, 0xff, 0xff, 0xff, 0xff,
    0xff, 0xff, 0xff, 0xff, 0xff, 0xff, 0xff, 0xff, 0xff, 0xff, 0xff, 0xff, 0xff, 0xff, 0xff, 0xff, 0xff, 0xff, 0xff,
    0xff, 0xff, 0xff, 0xff, 0xff, 0xff, 0xff, 0xff, 0xff, 0xff, 0xff, 0xff, 0xff, 0xff, 0xff, 0xff, 0xff, 0xff, 0xff,
    0xff, 0x04, 0xa2, 0x41, 0xd2, 0x8b, 0xff, 0xff, 0xff, 0xff, 0xff, 0xff, 0xff, 0xff, 0xff, 0xff, 0xff, 0xff, 0xff,
    0xff, 0xff, 0xff, 0xff, 0xff, 0xff, 0xff, 0xff, 0xff, 0xff, 0xff, 0xff, 0xff, 0xff, 0xff, 0xff, 0xff, 0xff, 0xff,
    0xff, 0xff, 0xff, 0xff, 0xff, 0xff, 0xff, 0xff, 0xff, 0xff, 0xff, 0xff, 0xff, 0xc0, 0x08, 0x95, 0x68, 0x27, 0xff,
    0x7f, 0xff, 0xff, 0xff, 0xff, 0xff, 0xff, 0xff, 0xff, 0xff, 0xff, 0xff, 0xff, 0xff, 0xff, 0xff, 0xff, 0xff, 0xff,
    0xff, 0xff, 0xff, 0xff, 0xff, 0xff, 0xff, 0xff, 0xff, 0xff, 0xff, 0xff, 0xff, 0xff, 0xff, 0xff, 0xff, 0xff, 0xff,
    0xff, 0xff, 0xff, 0xff, 0xff, 0xff, 0x94, 0x80, 0x01, 0xf0, 0x85, 0xfd, 0x2f, 0xff, 0xff, 0xff, 0xff, 0xff, 0xff,
    0xff, 0xff, 0xff, 0xff, 0xff, 0xff, 0xff, 0xff, 0xff, 0xff, 0xff, 0xff, 0xff, 0xff, 0xff, 0xff, 0xff, 0xff, 0xff,
    0xff, 0xff, 0xff, 0xff, 0xff, 0xff, 0xff, 0xff, 0xff, 0xff, 0xff, 0xff, 0xff, 0xff, 0xff, 0xff, 0xff, 0xff, 0xc0,
    0x24, 0xa5, 0xf4, 0x13, 0xfc, 0x9f, 0xff, 0xff, 0xff, 0xff, 0xff, 0xff, 0xff, 0xff, 0xff, 0xff, 0xff, 0xff, 0xff,
    0xff, 0xff, 0xff, 0xff, 0xff, 0xff, 0xff, 0xff, 0xff, 0xff, 0xff, 0xff, 0xff, 0xff, 0xff, 0xff, 0xff, 0xff, 0xff,
    0xff, 0xff, 0xff, 0xff, 0xff, 0xff, 0xff, 0xff, 0xff, 0xff, 0xff, 0xa2, 0x00, 0x00, 0xba, 0x41, 0xfa, 0x17, 0xff,
    0xff, 0xff, 0xff, 0xff, 0xff, 0xff, 0xff, 0xff, 0xff, 0xff, 0xff, 0xff, 0xff, 0xff, 0xff, 0xff, 0xff, 0xff, 0xff,
    0xff, 0xff, 0xff, 0xff, 0xff, 0xff, 0xff, 0xff, 0xff, 0xff, 0xff, 0xff, 0xff, 0xff, 0xff, 0xff, 0xff, 0xff, 0xff,
    0xff, 0xff, 0xff, 0xff, 0xc8, 0xaa, 0x48, 0xfc, 0x04, 0xbc, 0x4f, 0xff, 0xff, 0xff, 0xff, 0xff, 0xff, 0xff, 0xff,
    0xff, 0xff, 0xff, 0xff, 0xff, 0xff, 0xff, 0xff, 0xff, 0xff, 0xff, 0xff, 0xff, 0xff, 0xff, 0xff, 0xff, 0xff, 0xff,
    0xff, 0xff, 0xff, 0xff, 0xff, 0xff, 0xff, 0xff, 0xff, 0xff, 0xff, 0xff, 0xff, 0xff, 0xff, 0xff, 0xc0, 0x00, 0x02,
    0x3f, 0x21, 0x54, 0x1f, 0xff, 0xff, 0xff, 0xff, 0xff, 0xff, 0xff, 0xff, 0xff, 0xff, 0xff, 0xff, 0xff, 0xff, 0xff,
    0xff, 0xff, 0xff, 0xff, 0xff, 0xff, 0xff, 0xff, 0xff, 0xff, 0xff, 0xff, 0xff, 0xff, 0xff, 0xff, 0xff, 0xff, 0xff,
    0xff, 0xff, 0xff, 0xff, 0xff, 0xff, 0xff, 0xff, 0xff, 0xea, 0x44, 0x90, 0xbd, 0x08, 0x55, 0x0f, 0xff, 0xff, 0xff,
    0xff, 0xff, 0xff, 0xff, 0xff, 0xff, 0xff, 0xff, 0xff, 0xff, 0xff, 0xff, 0xff, 0xff, 0xff, 0xff, 0xff, 0xff, 0xff,
    0xff, 0xff, 0xff, 0xff, 0xff, 0xff, 0xff, 0xff, 0xff, 0xff, 0xff, 0xff, 0xff, 0xff, 0xff, 0xff, 0xff, 0xff, 0xff,
    0xff, 0xff, 0xd0, 0x10, 0x04, 0x1f, 0x82, 0x08, 0x4b, 0xff, 0xff, 0xff, 0xff, 0xff, 0xff, 0xff, 0xff, 0xff, 0xff,
    0xff, 0xff, 0xff, 0xff, 0xff, 0xff, 0xff, 0xff, 0xff, 0xff, 0xff, 0xff, 0xff, 0xff, 0xff, 0xff, 0xff, 0xff, 0xff,
    0xff, 0xff, 0xff, 0xff, 0xff, 0xff, 0xff, 0xff, 0xff, 0xff, 0xff, 0xff, 0xff, 0xff, 0xe2, 0x82, 0x51, 0x4f, 0x50,
    0x82, 0x17, 0xff, 0xff, 0xff, 0xff, 0xff, 0xff, 0xff, 0xff, 0xff, 0xff, 0xff, 0xff, 0xff, 0xff, 0xff, 0xff, 0xff,
    0xff, 0xff, 0xff, 0xff, 0xff, 0xff, 0xff, 0xff, 0xff, 0xff, 0xff, 0xff, 0xff, 0xff, 0xff, 0xff, 0xff, 0xff, 0xff,
    0xff, 0xff, 0xff, 0xff, 0xff, 0xff, 0xff, 0xe8, 0x20, 0x00, 0x17, 0xc2, 0x24, 0x4f, 0xff, 0xff, 0xff, 0xff, 0xff,
    0xff, 0xff, 0xff, 0xff, 0xff, 0xff, 0xff, 0xff, 0xff, 0xff, 0xff, 0xff, 0xff, 0xff, 0xff, 0xff, 0xff, 0xff, 0xff,
    0xff, 0xff, 0xff, 0xff, 0xff, 0xff, 0xff, 0xff, 0xff, 0xff, 0xff, 0xff, 0xff, 0xff, 0xff, 0xff, 0xff, 0xff, 0xff,
    0xe1, 0x49, 0x24, 0x8b, 0xd0, 0x00, 0x17, 0xff, 0xff, 0xff, 0xff, 0xff, 0xff, 0xff, 0xff, 0xff, 0xff, 0xff, 0xff,
    0xff, 0xff, 0xff, 0xff, 0xff, 0xff, 0xff, 0xff, 0xff, 0xff, 0xff, 0xff, 0xff, 0xff, 0xff, 0xff, 0xff, 0xff, 0xff,
    0xff, 0xff, 0xff, 0xff, 0xff, 0xff, 0xff, 0xff, 0xff, 0xff, 0xff, 0xff, 0xf8, 0x00, 0x00, 0x27, 0xe4, 0x92, 0x8f,
    0xff, 0xff, 0xff, 0xff, 0xff, 0xff, 0xff, 0xff, 0xff, 0xff, 0xff, 0xff, 0xff, 0xff, 0xff, 0xff, 0xff, 0xff, 0xff,
    0xff, 0xff, 0xff, 0xff, 0xff, 0xff, 0xff, 0xff, 0xff, 0xff, 0xff, 0xff, 0xff, 0xff, 0xff, 0xff, 0xff, 0xff, 0xff,
    0xff, 0xff, 0xff, 0xff, 0xff, 0xf5, 0x69, 0x49, 0x01, 0xf0, 0x00, 0x27, 0xff, 0xff, 0xff, 0xff, 0xff, 0xff, 0xff,
    0xff, 0xff, 0xff, 0xff, 0xff, 0xff, 0xff, 0xff, 0xff, 0xff, 0xff, 0xff, 0xff, 0xff, 0xff, 0xff, 0xff, 0xff, 0xff,
    0xff, 0xff, 0xff, 0xff, 0xff, 0xff, 0xff, 0xff, 0xff, 0xff, 0xff, 0xff, 0xff, 0xff, 0xff, 0xff, 0xff, 0xf4, 0x10,
    0x00, 0x55, 0x74, 0xa4, 0x8f, 0xff, 0xff, 0xff, 0xff, 0xff, 0xff, 0xff, 0xff, 0xff, 0xff, 0xff, 0xff, 0xff, 0xff,
    0xff, 0xff, 0xff, 0xff, 0xff, 0xff, 0xff, 0xff, 0xff, 0xff, 0xff, 0xff, 0xff, 0xff, 0xff, 0xff, 0xff, 0xff, 0xff,
    0xff, 0xff, 0xff, 0xff, 0xff, 0xff, 0xff, 0xff, 0xff, 0xff, 0xf8, 0xaa, 0x4a, 0x01, 0xf8, 0x00, 0x17, 0xff, 0xff,
    0xff, 0xff, 0xff, 0xff, 0xff, 0xff, 0xff, 0xff, 0xff, 0xff, 0xff, 0xff, 0xff, 0xff, 0xff, 0xff, 0xff, 0xff, 0xff,
    0xff, 0xff, 0xff, 0xff, 0xff, 0xff, 0xff, 0xff, 0xff, 0xff, 0xff, 0xff, 0xff, 0xff, 0xff, 0xff, 0xff, 0xff, 0xff,
    0xff, 0xff, 0xff, 0xfd, 0x15, 0x00, 0x90, 0x7d, 0x24, 0x8b, 0xff, 0xff, 0xff, 0xff, 0xff, 0xff, 0xff, 0xff, 0xff,
    0xff, 0xff, 0xff, 0xff, 0xff, 0xff, 0xff, 0xff, 0xff, 0xff, 0xff, 0xff, 0xff, 0xff, 0xff, 0xff, 0xff, 0xff, 0xff,
    0xff, 0xff, 0xff, 0xff, 0xff, 0xff, 0xff, 0xff, 0xff, 0xff, 0xff, 0xff, 0xff, 0xff, 0xff, 0xfc, 0x17, 0x48, 0x05,
    0x5c, 0x00, 0x27, 0xff, 0xff, 0xff, 0xff, 0xff, 0xff, 0xff, 0xff, 0xff, 0xff, 0xff, 0xff, 0xff, 0xff, 0xff, 0xff,
    0xff, 0xff, 0xff, 0xff, 0xff, 0xff, 0xff, 0xff, 0xff, 0xff, 0xff, 0xff, 0xff, 0xff, 0xff, 0xff, 0xff, 0xff, 0xff,
    0xff, 0xff, 0xff, 0xff, 0xff, 0xff, 0xff, 0xff, 0xfe, 0x8f, 0x82, 0x48, 0x7e, 0x95, 0x0f, 0xff, 0xff, 0xff, 0xff,
    0xff, 0xff, 0xff, 0xff, 0xff, 0xff, 0xff, 0xff, 0xff, 0xff, 0xff, 0xff, 0xff, 0xff, 0xff, 0xff, 0xff, 0xff, 0xff,
    0xff, 0xff, 0xff, 0xff, 0xff, 0xff, 0xff, 0xff, 0xff, 0xff, 0xff, 0xff, 0xff, 0xff, 0xff, 0xff, 0xff, 0xff, 0xff,
    0xff, 0xfe, 0x26, 0xd0, 0x01, 0x16, 0x00, 0x27, 0xff, 0xff, 0xff, 0xff, 0xff, 0xff, 0xff, 0xff, 0xff, 0xff, 0xff,
    0xff, 0xff, 0xff, 0xff, 0xff, 0xff, 0xff, 0xff, 0xff, 0xff, 0xff, 0xff, 0xff, 0xff, 0xff, 0xff, 0xff, 0xff, 0xff,
    0xff, 0xff, 0xff, 0xff, 0xff, 0xff, 0xff, 0xff, 0xff, 0xff, 0xff, 0xff, 0xff, 0xff, 0x4b, 0x22, 0x48, 0x2f, 0x48,
    0x8b, 0xff, 0xff, 0xff, 0xff, 0xff, 0xff, 0xff, 0xff, 0xff, 0xff, 0xff, 0xff, 0xff, 0xff, 0xff, 0xff, 0xff, 0xff,
    0xff, 0xff, 0xff, 0xff, 0xff, 0xff, 0xff, 0xff, 0xff, 0xff, 0xff, 0xff, 0xff, 0xff, 0xff, 0xff, 0xff, 0xff, 0xff,
    0xff, 0xff, 0xff, 0xff, 0xff, 0xff, 0xfe, 0x80, 0x80, 0x02, 0x05, 0x22, 0x0f, 0xff, 0xff, 0xff, 0xff, 0xff, 0xff,
    0xff, 0xff, 0xff, 0xff, 0xff, 0xff, 0xff, 0xff, 0xff, 0xff, 0xff, 0xff, 0xff, 0xff, 0xff, 0xff, 0xff, 0xff, 0xff,
    0xff, 0xff, 0xff, 0xff, 0xff, 0xff, 0xff, 0xff, 0xff, 0xff, 0xff, 0xff, 0xff, 0xff, 0xff, 0xff, 0xff, 0xff, 0xff,
    0x92, 0x15, 0x28, 0x92, 0x80, 0x47, 0xff, 0xff, 0xff, 0xff, 0xff, 0xff, 0xff, 0xff, 0xff, 0xff, 0xff, 0xff, 0xff,
    0xff, 0xff, 0xff, 0xff, 0xff, 0xff, 0xff, 0xff, 0xff, 0xff, 0xff, 0xff, 0xff, 0xff, 0xff, 0xff, 0xff, 0xff, 0xff,
    0xff, 0xff, 0xff, 0xff, 0xff, 0xff, 0xff, 0xff, 0xff, 0xff, 0xff, 0xff, 0xa0, 0x40, 0x00, 0x01, 0x49, 0x17, 0xff,
    0xff, 0xff, 0xff, 0xff, 0xff, 0xff, 0xff, 0xff, 0xff, 0xff, 0xff, 0xff, 0xff, 0xff, 0xff, 0xff, 0xff, 0xff, 0xff,
    0xff, 0xff, 0xff, 0xff, 0xff, 0xff, 0xff, 0xff, 0xff, 0xff, 0xff, 0xff, 0xff, 0xff, 0xff, 0xff, 0xff, 0xff, 0xff,
    0xff, 0xff, 0xff, 0xff, 0xff, 0xc4, 0x81, 0x22, 0x48, 0x00, 0x07, 0xff, 0xff, 0xff, 0xff, 0xff, 0xff, 0xff, 0xff,
    0xff, 0xff, 0xff, 0xff, 0xff, 0xff, 0xff, 0xff, 0xff, 0xff, 0xff, 0xff, 0xff, 0xff, 0xff, 0xff, 0xff, 0xff, 0xff,
    0xff, 0xff, 0xff, 0xff, 0xff, 0xff, 0xff, 0xff, 0xff, 0xff, 0xff, 0xff, 0xff, 0xff, 0xff, 0xff, 0xff, 0xa8, 0x14,
    0x08, 0x02, 0x52, 0x4b, 0xff, 0xff, 0xff, 0xff, 0xff, 0xff, 0xff, 0xff, 0xff, 0xff, 0xff, 0xff, 0xff, 0xff, 0xff,
    0xff, 0xff, 0xff, 0xff, 0xff, 0xff, 0xff, 0xff, 0xff, 0xff, 0xff, 0xff, 0xff, 0xff, 0xff, 0xff, 0xff, 0xff, 0xff,
    0xff, 0xff, 0xff, 0xff, 0xff, 0xff, 0xff, 0xff, 0xff, 0xff, 0xf3, 0x40, 0x81, 0x28, 0x00, 0x07, 0xff, 0xff, 0xff,
    0xff, 0xff, 0xff, 0xff, 0xff, 0xff, 0xff, 0xff, 0xff, 0xff, 0xff, 0xff, 0xff, 0xff, 0xff, 0xff, 0xff, 0xff, 0xff,
    0xff, 0xff, 0xff, 0xff, 0xff, 0xff, 0xff, 0xff, 0xff, 0xff, 0xff, 0xff, 0xff, 0xff, 0xff, 0xff, 0xff, 0xff, 0xff,
    0xff, 0xff, 0xff, 0xed, 0x84, 0x24, 0x01, 0x25, 0x2b, 0xff, 0xff, 0xff, 0xff, 0xff, 0xff, 0xff, 0xff, 0xff, 0xff,
    0xff, 0xff, 0xff, 0xff, 0xff, 0xff, 0xff, 0xff, 0xff, 0xff, 0xff, 0xff, 0xff, 0xff, 0xff, 0xff, 0xff, 0xff, 0xff,
    0xff, 0xff, 0xff, 0xff, 0xff, 0xff, 0xff, 0xff, 0xff, 0xff, 0xff, 0xff, 0xff, 0xff, 0xff, 0xff, 0x50, 0x80, 0x90,
    0x80, 0x05, 0xff, 0xff, 0xff, 0xff, 0xff, 0xff, 0xff, 0xff, 0xff, 0xff, 0xff, 0xff, 0xff, 0xff, 0xff, 0xff, 0xff,
    0xff, 0xff, 0xff, 0xff, 0xff, 0xff, 0xff, 0xff, 0xff, 0xff, 0xff, 0xff, 0xff, 0xff, 0xff, 0xff, 0xff, 0xff, 0xff,
    0xff, 0xff, 0xff, 0xff, 0xff, 0xff, 0xff, 0xff, 0xff, 0x82, 0x12, 0x04, 0x12, 0x47, 0xff, 0xff, 0xff, 0xff, 0xff,
    0xff, 0xff, 0xff, 0xff, 0xff, 0xff, 0xff, 0xff, 0xff, 0xff, 0xff, 0xff, 0xff, 0xff, 0xff, 0xff, 0xff, 0xff, 0xff,
    0xff, 0xff, 0xff, 0xff, 0xff, 0xff, 0xff, 0xff, 0xff, 0xff, 0xff, 0xff, 0xff, 0xff, 0xff, 0xff, 0xff, 0xff, 0xff,
    0xff, 0xff, 0xc8, 0x40, 0x41, 0x40, 0x11, 0xff, 0xff, 0xff, 0xff, 0xff, 0xff, 0xff, 0xff, 0xff, 0xff, 0xff, 0xff,
    0xff, 0xff, 0xff, 0xff, 0xff, 0xff, 0xff, 0xff, 0xff, 0xff, 0xff, 0xff, 0xff, 0xff, 0xff, 0xff, 0xff, 0xff, 0xff,
    0xff, 0xff, 0xff, 0xff, 0xff, 0xff, 0xff, 0xff, 0xff, 0xff, 0xff, 0xff, 0xff, 0xff, 0xa0, 0x09, 0x10, 0x12, 0x85,
    0xff, 0xff, 0xff, 0xff, 0xff, 0xff, 0xff, 0xff, 0xff, 0xff, 0xff, 0xff, 0xff, 0xff, 0xff, 0xff, 0xff, 0xff, 0xff,
    0xff, 0xff, 0xff, 0xff, 0xff, 0xff, 0xff, 0xff, 0xff, 0xff, 0xff, 0xff, 0xff, 0xff, 0xff, 0xff, 0xff, 0xff, 0xff,
    0xff, 0xff, 0xff, 0xff, 0xff, 0xff, 0xff, 0x85, 0x20, 0x04, 0x80, 0x51, 0xff, 0xff, 0xff, 0xff, 0xff, 0xff, 0xff,
    0xff, 0xff, 0xff, 0xff, 0xff, 0xff, 0xff, 0xff, 0xff, 0xff, 0xff, 0xff, 0xff, 0xff, 0xff, 0xff, 0xff, 0xff, 0xff,
    0xff, 0xff, 0xff, 0xff, 0xff, 0xff, 0xff, 0xff, 0xff, 0xff, 0xff, 0xff, 0xff, 0xff, 0xff, 0xff, 0xff, 0xff, 0xfe,
    0xa0, 0x04, 0x90, 0x29, 0x44, 0xff, 0xff, 0xff, 0xff, 0xff, 0xff, 0xff, 0xff, 0xff, 0xff, 0xff, 0xff, 0xff, 0xff,
    0xff, 0xff, 0xff, 0xff, 0xff, 0xff, 0xff, 0xff, 0xff, 0xff, 0xff, 0xff, 0xff, 0xff, 0xff, 0xff, 0xff, 0xff, 0xff,
    0xff, 0xff, 0xff, 0xff, 0xff, 0xff, 0xff, 0xff, 0xff, 0xff, 0xfe, 0xba, 0x12, 0x40, 0x02, 0x40, 0xe1, 0xff, 0xff,
    0xff, 0xff, 0xff, 0xff, 0xff, 0xff, 0xff, 0xff, 0xff, 0xff, 0xff, 0xff, 0xff, 0xff, 0xff, 0xff, 0xff, 0xff, 0xff,
    0xff, 0xff, 0xff, 0xff, 0xff, 0xff, 0xff, 0xff, 0xff, 0xff, 0xff, 0xff, 0xff, 0xff, 0xff, 0xff, 0xff, 0xff, 0xff,
    0xff, 0xff, 0xff, 0xfd, 0x1d, 0x40, 0x14, 0xa0, 0x15, 0x54, 0x7f, 0xff, 0xff, 0xff, 0xff, 0xff, 0xff, 0xff, 0xff,
    0xff, 0xff, 0xff, 0xff, 0xff, 0xff, 0xff, 0xff, 0xff, 0xff, 0xff, 0xff, 0xff, 0xff, 0xff, 0xff, 0xff, 0xff, 0xff,
    0xff, 0xff, 0xff, 0xff, 0xff, 0xff, 0xff, 0xff, 0xff, 0xff, 0xff, 0xff, 0xff, 0xff, 0xff, 0xfc, 0x44, 0x09, 0x40,
    0x0a, 0x80, 0xe1, 0xff, 0xff, 0xff, 0xff, 0xff, 0xff, 0xff, 0xff, 0xff, 0xff, 0xff, 0xff, 0xff, 0xff, 0xff, 0xff,
    0xff, 0xff, 0xff, 0xff, 0xff, 0xff, 0xff, 0xff, 0xff, 0xff, 0xff, 0xff, 0xff, 0xff, 0xff, 0xff, 0xff, 0xff, 0xff,
    0xff, 0xff, 0xff, 0xff, 0xff, 0xff, 0xff, 0xff, 0xfa, 0x14, 0x40, 0x3a, 0x40, 0x12, 0x54, 0x5f, 0xff, 0xff, 0xff,
    0xff, 0xff, 0xff, 0xff, 0xff, 0xff, 0xff, 0xff, 0xff, 0xff, 0xff, 0xff, 0xff, 0xff, 0xff, 0xff, 0xff, 0xff, 0xff,
    0xff, 0xff, 0xff, 0xff, 0xff, 0xff, 0xff, 0xff, 0xff, 0xff, 0xff, 0xff, 0xff, 0xff, 0xff, 0xff, 0xff, 0xff, 0xff,
    0xff, 0xf8, 0x82, 0x2a, 0xb4, 0x12, 0x40, 0xb0, 0xbf, 0xff, 0xff, 0xff, 0xff, 0xff, 0xff, 0xff, 0xff, 0xff, 0xff,
    0xff, 0xff, 0xff, 0xff, 0xff, 0xff, 0xff, 0xff, 0xff, 0xff, 0xff, 0xff, 0xff, 0xff, 0xff, 0xff, 0xff, 0xff, 0xff,
    0xff, 0xff, 0xff, 0xff, 0xff, 0xff, 0xff, 0xff, 0xff, 0xff, 0xff, 0xff, 0xff, 0xfc, 0x28, 0x9a, 0xf9, 0x00, 0x08,
    0xf4, 0x7f, 0xff, 0xff, 0xff, 0xff, 0xff, 0xff, 0xff, 0xff, 0xff, 0xff, 0xff, 0xff, 0xff, 0xff, 0xff, 0xff, 0xff,
    0xff, 0xff, 0xff, 0xff, 0xff, 0xff, 0xff, 0xff, 0xff, 0xff, 0xff, 0xff, 0xff, 0xff, 0xff, 0xff, 0xff, 0xfb, 0xff,
    0xff, 0xff, 0xff, 0xff, 0xff, 0xff, 0xfa, 0x80, 0x5f, 0xbc, 0x4a, 0x82, 0x32, 0x5f, 0xff, 0xff, 0xff, 0xff, 0xff,
    0xff, 0xff, 0xff, 0xff, 0xff, 0xff, 0xff, 0xff, 0xff, 0xff, 0xff, 0xff, 0xff, 0xff, 0xff, 0xff, 0xff, 0xff, 0xff,
    0xff, 0xff, 0xff, 0xff, 0xff, 0xff, 0xff, 0xff, 0xff, 0xff, 0xee, 0x02, 0xff, 0xff, 0xff, 0xff, 0xff, 0xff, 0xf8,
    0x12, 0x3f, 0xfa, 0x00, 0x48, 0xf8, 0x3f, 0xff, 0xff, 0xff, 0xff, 0xff, 0xff, 0xff, 0xff, 0xff, 0xff, 0xff, 0xff,
    0xff, 0xff, 0xff, 0xff, 0xff, 0xff, 0xff, 0xff, 0xff, 0xff, 0xff, 0xff, 0xff, 0xff, 0xff, 0xff, 0xff, 0xff, 0xff,
    0xff, 0xff, 0xff, 0xbb, 0xfc, 0x1e, 0xff, 0xff, 0xff, 0xff, 0xff, 0xfd, 0x20, 0x9f, 0xfc, 0x92, 0x90, 0x3a, 0xbf,
    0xff, 0xff, 0xff, 0xff, 0xff, 0xff, 0xff, 0xff, 0xff, 0xff, 0xff, 0xff, 0xff, 0xff, 0xff, 0xff, 0xff, 0xff, 0xff,
    0xff, 0xff, 0xff, 0xff, 0xff, 0xff, 0xff, 0xff, 0xff, 0xff, 0xff, 0xff, 0xff, 0xff, 0xff, 0xf5, 0x6f, 0xc2, 0x3f,
    0xff, 0xff, 0xff, 0xff, 0xf0, 0x08, 0x3f, 0xfe, 0x00, 0x49, 0x78, 0x1f, 0xff, 0xff, 0xff, 0xff, 0xff, 0xff, 0xff,
    0xff, 0xff, 0xff, 0xff, 0xff, 0xff, 0xff, 0xff, 0xff, 0xff, 0xff, 0xff, 0xff, 0xff, 0xff, 0xff, 0xff, 0xff, 0xff,
    0xff, 0xff, 0xff, 0xff, 0xff, 0xff, 0xff, 0xff, 0x57, 0xbf, 0xf1, 0x97, 0xff, 0xff, 0xff, 0xff, 0xfa, 0x42, 0x5f,
    0xfe, 0xaa, 0x35, 0xfe, 0x57, 0xff, 0xff, 0xff, 0xff, 0xff, 0xff, 0xff, 0xff, 0xff, 0xff, 0xff, 0xff, 0xff, 0xff,
    0xff, 0xff, 0xff, 0xff, 0xff, 0xff, 0xff, 0xff, 0xff, 0xff, 0xff, 0xff, 0xff, 0xff, 0xff, 0xff, 0xff, 0xff, 0xff,
    0xfa, 0x5a, 0xed, 0xbc, 0xc8, 0xdf, 0xff, 0xff, 0xff, 0xf0, 0x10, 0xbf, 0xff, 0x00, 0x9a, 0xfa, 0x1f, 0xff, 0xff,
    0xff, 0xff, 0xff, 0xff, 0xff, 0xff, 0xff, 0xff, 0xff, 0xff, 0xff, 0xff, 0xff, 0xff, 0xff, 0xff, 0xff, 0xff, 0xff,
    0xff, 0xff, 0xff, 0xff, 0xff, 0xff, 0xff, 0xff, 0xff, 0xff, 0xff, 0xff, 0xe3, 0xed, 0x77, 0xff, 0x76, 0x65, 0x5f,
    0xff, 0xff, 0xf5, 0x04, 0x7f, 0xff, 0xdc, 0x2f, 0xfd, 0x2f, 0xff, 0xff, 0xff, 0xff, 0xff, 0xff, 0xff, 0xff, 0xff,
    0xff, 0xff, 0xff, 0xff, 0xff, 0xff, 0xff, 0xff, 0xff, 0xff, 0xff, 0xff, 0xff, 0xff, 0xff, 0xff, 0xff, 0xff, 0xff,
    0xff, 0xff, 0xff, 0xff, 0xff, 0x0d, 0x57, 0x9d, 0x6d, 0xbf, 0x7f, 0xeb, 0xff, 0xff, 0xf0, 0x51, 0x7f, 0xff, 0xf6,
    0x8b, 0xfe, 0x0b, 0xff, 0xff, 0xff, 0xff, 0xff, 0xff, 0xff, 0xff, 0xff, 0xff, 0xff, 0xff, 0xff, 0xff, 0xff, 0xff,
    0xff, 0xff, 0xff, 0xff, 0xff, 0xff, 0xff, 0xff, 0xff, 0xff, 0xff, 0xff, 0xff, 0xff, 0xff, 0xff, 0x88, 0xfe, 0xaa,
    0xd7, 0xb7, 0xeb, 0xdb, 0x7f, 0xff, 0xff, 0xfa, 0x00, 0xbf, 0xff, 0xfd, 0x0b, 0xfe, 0xa7, 0xff, 0xff, 0xff, 0xff,
    0xff, 0xff, 0xff, 0xff, 0xff, 0xff, 0xff, 0xff, 0xff, 0xff, 0xff, 0xff, 0xff, 0xff, 0xff, 0xff, 0xff, 0xff, 0xff,
    0xff, 0xff, 0xff, 0xff, 0xff, 0xff, 0xff, 0xff, 0xfc, 0x6f, 0xb2, 0xbb, 0x5d, 0xfd, 0x7d, 0x6d, 0xdf, 0xeb, 0xff,
    0xf9, 0x24, 0xff, 0xff, 0xfe, 0xa5, 0xff, 0x0f, 0xff, 0xff, 0xff, 0xff, 0xff, 0xff, 0xff, 0xff, 0xff, 0xff, 0xff,
    0xff, 0xff, 0xff, 0xff, 0xff, 0xff, 0xff, 0xff, 0xff, 0xff, 0xff, 0xff, 0xff, 0xff, 0xff, 0xff, 0xff, 0xff, 0xff,
    0xff, 0xe3, 0xba, 0xd5, 0x55, 0xab, 0x57, 0xaf, 0xff, 0x75, 0x7c, 0xbf, 0xfe, 0x81, 0x7f, 0xff, 0xff, 0x03, 0xfe,
    0x85, 0xff, 0xff, 0xff, 0xff, 0xff, 0xff, 0xff, 0xff, 0xff, 0xff, 0xff, 0xff, 0xff, 0xff, 0xff, 0xff, 0xff, 0xff,
    0xff, 0xff, 0xff, 0xff, 0xff, 0xff, 0xff, 0xff, 0xff, 0xff, 0xff, 0xff, 0xff, 0x9d, 0xef, 0x5a, 0xad, 0x56, 0xed,
    0x75, 0x55, 0xdf, 0xff, 0x5f, 0xff, 0xa4, 0xff, 0xff, 0xff, 0xd0, 0xff, 0x53, 0xff, 0xff, 0xff, 0xff, 0xff, 0xff,
    0xff, 0xff, 0xff, 0xff, 0xff, 0xff, 0xff, 0xff, 0xff, 0xff, 0xff, 0xff, 0xff, 0xff, 0xff, 0xff, 0xff, 0xff, 0xff,
    0xff, 0xff, 0xff, 0xff, 0xff, 0xfe, 0xb7, 0x75, 0xe1, 0x6b, 0xbb, 0xbb, 0xde, 0xfe, 0xeb, 0x57, 0x83, 0xff, 0xc8,
    0xbf, 0xff, 0xff, 0xa4, 0xbf, 0x07, 0xff, 0xff, 0xff, 0xff, 0xff, 0xff, 0xff, 0xff, 0xff, 0xff, 0xff, 0xff, 0xff,
    0xff, 0xff, 0xff, 0xff, 0xff, 0xff, 0xff, 0xff, 0xff, 0xff, 0xff, 0xff, 0xff, 0xff, 0xff, 0xff, 0xff, 0xfd, 0xf5,
    0xae, 0xaa, 0xaa, 0xcd, 0x6e, 0xb5, 0xab, 0x7d, 0xfe, 0xf1, 0xff, 0xa3, 0xff, 0xff, 0xff, 0xd0, 0x7f, 0xd1, 0xff,
    0xff, 0xff, 0xff, 0xff, 0xff, 0xff, 0xff, 0xff, 0xff, 0xff, 0xff, 0xff, 0xff, 0xff, 0xff, 0xff, 0xff, 0xff, 0xff,
    0xff, 0xff, 0xff, 0xff, 0xff, 0xff, 0xff, 0xff, 0xff, 0xff, 0xfb, 0x5f, 0x7b, 0x64, 0xaa, 0xb3, 0xb5, 0xdb, 0xf7,
    0xaf, 0x7b, 0xfc, 0x7f, 0xfd, 0xff, 0xff, 0xff, 0xe9, 0x2f, 0x85, 0xff, 0xff, 0xff, 0xff, 0xff, 0xff, 0xff, 0xff,
    0xff, 0xff, 0xff, 0xff, 0xff, 0xff, 0xff, 0xff, 0xff, 0xff, 0xff, 0xff, 0xff, 0xff, 0xff, 0xff, 0xff, 0xff, 0xff,
    0xff, 0xff, 0xff, 0xe7, 0xf5, 0xd5, 0xa9, 0x56, 0xda, 0xde, 0xee, 0xad, 0xf5, 0xdf, 0xbd, 0x3f, 0xff, 0xff, 0xff,
    0xff, 0xf4, 0x2f, 0xd2, 0xff, 0xff, 0xff, 0xff, 0xff, 0xff, 0xff, 0xff, 0xff, 0xff, 0xff, 0xff, 0xff, 0xff, 0xff,
    0xff, 0xff, 0xff, 0xff, 0xff, 0xff, 0xff, 0xff, 0xff, 0xff, 0xff, 0xff, 0xff, 0xff, 0xff, 0x9d, 0x6f, 0x7e, 0xd4,
    0x2a, 0xaa, 0x6b, 0x5b, 0x7e, 0xbf, 0x6d, 0xef, 0x4f, 0xff, 0xff, 0xff, 0xff, 0xfa, 0x97, 0xa1, 0xff, 0xff, 0xff,
    0xff, 0xff, 0xff, 0xff, 0xff, 0xff, 0xff, 0xff, 0xff, 0xff, 0xff, 0xff, 0xff, 0xff, 0xff, 0xff, 0xff, 0xff, 0xff,
    0xff, 0xff, 0xff, 0xff, 0xff, 0xff, 0xff, 0xff, 0x7d, 0xda, 0xd5, 0x59, 0x2a, 0xb5, 0x35, 0xb6, 0xd5, 0xd5, 0xf7,
    0x7b, 0xe7, 0xff, 0xff, 0xff, 0xff, 0xfc, 0x0b, 0xc9, 0x7f, 0xff, 0xff, 0xff, 0xff, 0xff, 0xff, 0xff, 0xff, 0xff,
    0xff, 0xff, 0xff, 0xff, 0xff, 0xff, 0xff, 0xff, 0xff, 0xff, 0xff, 0xff, 0xff, 0xff, 0xff, 0xff, 0xff, 0xff, 0xff,
    0xfc, 0xf6, 0xff, 0x6d, 0xaa, 0x55, 0x57, 0x96, 0xad, 0xff, 0x7e, 0xbf, 0xdf, 0x7f, 0xff, 0xff, 0xff, 0xff, 0xff,
    0x45, 0xe1, 0xff, 0xff, 0xff, 0xff, 0xff, 0xff, 0xff, 0xff, 0xff, 0xff, 0xff, 0xff, 0xff, 0xff, 0xff, 0xff, 0xff,
    0xff, 0xff, 0xff, 0xff, 0xff, 0xff, 0xff, 0xff, 0xff, 0xff, 0xff, 0xff, 0xfd, 0xdd, 0x52, 0xb6, 0xd4, 0x15, 0x5a,
    0xd2, 0xab, 0x55, 0xd5, 0xd5, 0x77, 0xfb, 0xff, 0xff, 0xff, 0xff, 0xfd, 0x12, 0xd4, 0xff, 0xff, 0xff, 0xff, 0xff,
    0xff, 0xff, 0xff, 0xff, 0xff, 0xff, 0xff, 0xff, 0xd5, 0x7f, 0x3c, 0x2f, 0xf5, 0xff, 0xf7, 0xff, 0xef, 0xfd, 0x29,
    0xff, 0xff, 0xff, 0xff, 0xff, 0xf9, 0xf6, 0xed, 0xdb, 0x6a, 0x2a, 0xaa, 0xaa, 0x5d, 0xbb, 0x7f, 0x7f, 0xfd, 0xaf,
    0x9f, 0xff, 0xff, 0xff, 0xff, 0xc1, 0xe0, 0x7f, 0xff, 0xff, 0xff, 0xff, 0xff, 0xff, 0xff, 0xff, 0xff, 0xff, 0x80,
    0x03, 0xdf, 0x9e, 0xcb, 0xef, 0x0d, 0x7f, 0xf7, 0xff, 0xd7, 0xfb, 0xfe, 0xff, 0xff, 0xff, 0xff, 0xff, 0xf7, 0x7d,
    0x5b, 0x55, 0x55, 0x09, 0x55, 0x5b, 0xaa, 0xdd, 0xaa, 0xd5, 0xaf, 0xff, 0xe7, 0xff, 0xff, 0xff, 0xff, 0xa4, 0x75,
    0x7f, 0xff, 0xff, 0xff, 0xff, 0xff, 0xff, 0xff, 0xff, 0xff, 0xff, 0xff, 0xff, 0xaa, 0xdf, 0xeb, 0xee, 0xfd, 0xbf,
    0xf7, 0xff, 0xbb, 0xfb, 0xfe, 0xff, 0xff, 0xff, 0xff, 0xff, 0xfb, 0xaf, 0x55, 0x5b, 0xaa, 0x85, 0x55, 0x6a, 0xb7,
    0x6e, 0xf7, 0x7b, 0x7a, 0xbb, 0xfb, 0xff, 0xff, 0xff, 0xff, 0xd1, 0x20, 0xbf, 0xff, 0xff, 0xff, 0xff, 0xff, 0xff,
    0xff, 0xff, 0xff, 0xff, 0xe4, 0xef, 0xb7, 0x5e, 0xe9, 0x2f, 0xbd, 0xbf, 0x77, 0x7e, 0x7d, 0xf8, 0x22, 0xff, 0xff,
    0xff, 0xff, 0xff, 0xfd, 0xf5, 0xad, 0xad, 0x6a, 0xc9, 0x55, 0x95, 0x5a, 0xf7, 0xbb, 0xae, 0xef, 0xee, 0xfd, 0xff,
    0xff, 0xff, 0xff, 0xe8, 0xb4, 0x7f, 0xff, 0xff, 0xff, 0xff, 0xff, 0xff, 0xff, 0xff, 0xff, 0xff, 0xdf, 0x7f, 0xbd,
    0xde, 0xeb, 0xee, 0x95, 0xaf, 0x77, 0x7d, 0xfe, 0x7b, 0xfe, 0xff, 0xff, 0xff, 0xff, 0xff, 0xfb, 0x5a, 0xb6, 0x56,
    0xb5, 0x25, 0x14, 0xaa, 0xd7, 0x5a, 0xdd, 0x6b, 0xbb, 0x7f, 0xbe, 0xff, 0xff, 0xff, 0xff, 0xf4, 0x09, 0x7f, 0xff,
    0xff, 0xff, 0xff, 0xff, 0xff, 0xff, 0xff, 0xff, 0xff, 0xbf, 0xb7, 0xc4, 0x3f, 0x1b, 0xef, 0xdd, 0xfe, 0xf7, 0xf3,
    0xab, 0xb9, 0x24, 0xff, 0xff, 0xff, 0xff, 0xff, 0xff, 0xd6, 0xd5, 0x3b, 0xd5, 0x55, 0x4a, 0xad, 0x5a, 0xef, 0x6b,
    0xb5, 0x6e, 0xed, 0xde, 0xff, 0xff, 0xff, 0xff, 0xfa, 0x50, 0x5f, 0xff, 0xff, 0xff, 0xff, 0xff, 0xff, 0xff, 0xff,
    0xff, 0xff, 0xdf, 0xef, 0xff, 0xff, 0xb8, 0x0f, 0xfd, 0xbe, 0xf7, 0xbe, 0x6d, 0xff, 0xdf, 0xff, 0xff, 0xff, 0xff,
    0xff, 0xfa, 0xb5, 0x6c, 0xad, 0x6a, 0xaa, 0x92, 0x52, 0xd7, 0x5a, 0xfd, 0x5e, 0xdb, 0xb6, 0xff, 0x7f, 0xff, 0xff,
    0xff, 0xfd, 0x04, 0xbf, 0xff, 0xff, 0xff, 0xff, 0xff, 0xff, 0xff, 0xff, 0xff, 0xff, 0xff, 0x7f, 0x55, 0x57, 0x3b,
    0xff, 0xa6, 0xbe, 0xf7, 0xbf, 0xfd, 0xf8, 0xd6, 0xff, 0xff, 0xff, 0xff, 0xff, 0xff, 0xdb, 0xab, 0x77, 0xb5, 0x54,
    0x4a, 0xab, 0x5a, 0xf7, 0xaa, 0xd5, 0xbd, 0x6b, 0xbe, 0xff, 0xff, 0xff, 0xff, 0xfe, 0x40, 0x7f, 0xff, 0xff, 0xff,
    0xff, 0xff, 0xff, 0xff, 0xff, 0xff, 0xff, 0xbf, 0xaf, 0xdd, 0xff, 0x9a, 0xef, 0x9e, 0x7d, 0xf7, 0xbe, 0xfd, 0xff,
    0x58, 0xff, 0xff, 0xff, 0xff, 0xff, 0xfc, 0xad, 0x76, 0x5a, 0xda, 0xa5, 0x25, 0x55, 0x6d, 0xbd, 0xf5, 0x56, 0xc5,
    0xb7, 0xff, 0xff, 0xff, 0xff, 0xff, 0xff, 0x15, 0x3f, 0xff, 0xff, 0xff, 0xff, 0xff, 0xff, 0xff, 0xff, 0xff, 0xff,
    0xca, 0x7f, 0xdc, 0x0e, 0xbb, 0x5c, 0x5e, 0x7d, 0xf7, 0xde, 0xf5, 0xf5, 0xde, 0xff, 0xff, 0xff, 0xff, 0xff, 0xfe,
    0x6a, 0x8c, 0xef, 0x6d, 0x55, 0x15, 0x55, 0xb7, 0x6b, 0x5f, 0x69, 0x7b, 0xde, 0xeb, 0xff, 0xff, 0xff, 0xff, 0xff,
    0xc0, 0x7f, 0xff, 0xff, 0xff, 0xff, 0xff, 0xff, 0xff, 0xff, 0xff, 0xff, 0xfd, 0xef, 0xdd, 0xff, 0x3b, 0xbf, 0xfc,
    0xeb, 0xf7, 0xde, 0xfb, 0xfa, 0xd2, 0xff, 0xff, 0xff, 0xff, 0xff, 0xff, 0x08, 0x51, 0xbb, 0xb6, 0xaa, 0x4a, 0xaa,
    0xad, 0xde, 0xea, 0xda, 0xad, 0x7b, 0x77, 0xff, 0xff, 0xff, 0xff, 0xff, 0xa4, 0xbf, 0xff, 0xff, 0xff, 0xff, 0xff,
    0xff, 0xff, 0xff, 0xff, 0xff, 0xff, 0xff, 0xad, 0xff, 0xbb, 0x9f, 0xbb, 0x6f, 0xf7, 0xff, 0xff, 0x7f, 0x5d, 0x3f,
    0xff, 0xff, 0xff, 0xff, 0xff, 0xa7, 0xf3, 0xed, 0xda, 0xa9, 0x15, 0x56, 0xdb, 0x75, 0xbf, 0xb5, 0x12, 0x94, 0xbf,
    0xff, 0xff, 0xff, 0xff, 0xff, 0xe0, 0x7f, 0xff, 0xff, 0xff, 0xff, 0xff, 0xff, 0xff, 0xff, 0xff, 0xff, 0xff, 0xef,
    0x31, 0xfe, 0x08, 0xef, 0xd7, 0x2f, 0xf7, 0xfe, 0x7f, 0x7a, 0xda, 0xbf, 0xff, 0xff, 0xff, 0xff, 0xff, 0xff, 0xfd,
    0xbb, 0x76, 0xd5, 0x12, 0xab, 0x6d, 0xaf, 0xd5, 0x6e, 0xad, 0x5b, 0xff, 0xff, 0xff, 0xff, 0xff, 0xff, 0xfb, 0x7f,
    0xff, 0xff, 0xff, 0xff, 0xff, 0xff, 0xff, 0xff, 0xff, 0xff, 0xfc, 0x0e, 0xfe, 0x06, 0xff, 0xf6, 0x3f, 0xdf, 0x0f,
    0xff, 0x00, 0xf9, 0x47, 0x7f, 0xff, 0xff, 0xff, 0xff, 0xff, 0xff, 0xf3, 0xdf, 0xbb, 0x55, 0x15, 0x55, 0xbe, 0xfa,
    0xbe, 0xf5, 0xb7, 0xdf, 0x7f, 0xff, 0xff, 0xff, 0xff, 0xff, 0xed, 0xff, 0xff, 0xff, 0xff, 0xff, 0xff, 0xff, 0xff,
    0xff, 0xff, 0xff, 0xff, 0xff, 0xff, 0xff, 0xff, 0xff, 0xff, 0xff, 0xff, 0xff, 0xff, 0xff, 0xff, 0xff, 0xff, 0xff,
    0xff, 0xff, 0xff, 0xff, 0xf2, 0xea, 0xed, 0xaa, 0x94, 0xad, 0x6b, 0xaf, 0xeb, 0xae, 0xda, 0xa7, 0xff, 0xff, 0xff,
    0xff, 0xff, 0xff, 0xff, 0xff, 0xff, 0xff, 0xff, 0xff, 0xff, 0xff, 0xff, 0xff, 0xff, 0xff, 0xff, 0xff, 0xff, 0xff,
    0xff, 0xff, 0xff, 0xff, 0xff, 0xff, 0xff, 0xff, 0xff, 0xff, 0xff, 0xff, 0xff, 0xff, 0xff, 0xff, 0xe5, 0xbf, 0xbe,
    0xd5, 0x15, 0x57, 0xbd, 0xfa, 0xbd, 0xdb, 0x56, 0xd7, 0xff, 0xff, 0xff, 0xff, 0xff, 0xff, 0xff, 0xff, 0xff, 0xff,
    0xff, 0xff, 0xff, 0xff, 0xff, 0xff, 0xff, 0xff, 0xff, 0xff, 0xff, 0xff, 0xff, 0xff, 0xff, 0xff, 0xff, 0xff, 0xff,
    0xff, 0xff, 0xff, 0xff, 0xff, 0xff, 0xff, 0xff, 0xff, 0xe3, 0xed, 0xeb, 0x6a, 0xaa, 0xb5, 0x6e, 0xaf, 0xd6, 0xbd,
    0xeb, 0x63, 0xff, 0xff, 0xff, 0xff, 0xff, 0xff, 0xff, 0xff, 0xff, 0xff, 0xff, 0xff, 0xff, 0xff, 0xff, 0xff, 0xff,
    0xff, 0xff, 0xff, 0xff, 0xff, 0xff, 0xff, 0xff, 0xff, 0xff, 0xff, 0xff, 0xff, 0xff, 0xff, 0xff, 0xff, 0xff, 0xff,
    0xff, 0xff, 0xf7, 0x7b, 0x7e, 0xd5, 0x15, 0x5b, 0xdb, 0xf5, 0x7f, 0xeb, 0x5d, 0xbb, 0xff, 0xff, 0xff, 0xff, 0xff,
    0xff, 0xff, 0xff, 0xff, 0xff, 0xff, 0xff, 0xff, 0xff, 0xff, 0xff, 0xff, 0xff, 0xff, 0xff, 0xff, 0xff, 0xff, 0xff,
    0xff, 0xff, 0xff, 0xff, 0xff, 0xff, 0xff, 0xff, 0xff, 0xff, 0xff, 0xff, 0xff, 0xff, 0xe7, 0xdd, 0xd7, 0x6d, 0x55,
    0x6d, 0x76, 0xbf, 0xd5, 0x5f, 0xeb, 0x69, 0xff, 0xff, 0xff, 0xff, 0xff, 0xff, 0xff, 0xff, 0xff, 0xff, 0xff, 0xff,
    0xff, 0xff, 0xff, 0xff, 0xff, 0xff, 0xff, 0xff, 0xff, 0xff, 0xff, 0xff, 0xff, 0xff, 0xff, 0xff, 0xff, 0xff, 0xff,
    0xff, 0xff, 0xff, 0xff, 0xff, 0xff, 0xff, 0xed, 0x76, 0xfd, 0xd5, 0x2a, 0xb7, 0xbb, 0xea, 0xff, 0xf5, 0x56, 0xd9,
    0xff, 0xff, 0xff, 0xff, 0xff, 0xff, 0xff, 0xff, 0xff, 0xff, 0xff, 0xff, 0xff, 0xff, 0xff, 0xff, 0xff, 0xff, 0xff,
    0xff, 0xff, 0xff, 0xff, 0xff, 0xff, 0xff, 0xff, 0xff, 0xff, 0xff, 0xff, 0xff, 0xff, 0xff, 0xff, 0xff, 0xff, 0xff,
    0xef, 0xff, 0x0f, 0x7a, 0xab, 0x5a, 0xec, 0xbf, 0xaa, 0xbf, 0xfb, 0x6d, 0xff, 0xff, 0xff, 0xff, 0xff, 0xff, 0xff,
    0xff, 0xff, 0xff, 0xff, 0xff, 0xff, 0xff, 0xff, 0xff, 0xff, 0xff, 0xff, 0xff, 0xff, 0xff, 0xfd, 0x7f, 0xff, 0x7f,
    0xff, 0xff, 0xff, 0xff, 0xff, 0xff, 0xff, 0xff, 0xff, 0xff, 0xff, 0xff, 0xdd, 0xaa, 0x05, 0xd6, 0xaa, 0xef, 0xbf,
    0x06, 0xff, 0xd5, 0x56, 0xd8, 0xff, 0xff, 0xff, 0xff, 0xff, 0xff, 0xff, 0xff, 0xff, 0xff, 0xff, 0xff, 0xff, 0xff,
    0xff, 0xff, 0xf9, 0xff, 0x7c, 0x7f, 0xdf, 0x7e, 0x03, 0xfc, 0xc5, 0xbf, 0xff, 0xff, 0xff, 0xff, 0xff, 0xff, 0xff,
    0xff, 0xff, 0xff, 0xff, 0xff, 0xd7, 0xfe, 0x07, 0x6d, 0x55, 0x5a, 0xeb, 0x03, 0xda, 0xfe, 0xfb, 0x6e, 0xff, 0xff,
    0xff, 0xff, 0xff, 0xff, 0xff, 0xff, 0xff, 0xff, 0xff, 0xff, 0xff, 0xff, 0xff, 0xff, 0x02, 0x06, 0x9b, 0x9f, 0xee,
    0xff, 0xee, 0xfb, 0x7f, 0xbf, 0xff, 0xff, 0xff, 0xff, 0xff, 0xff, 0xff, 0xff, 0xff, 0xff, 0xff, 0xff, 0xdf, 0x7c,
    0x17, 0xb6, 0x6e, 0xef, 0xbe, 0x03, 0x7f, 0xab, 0xad, 0xb6, 0x7f, 0xff, 0xff, 0xff, 0xff, 0xff, 0xff, 0xff, 0xff,
    0xff, 0xff, 0xff, 0xff, 0xff, 0xff, 0xff, 0xf7, 0xfe, 0xd7, 0xef, 0x12, 0x1f, 0x9e, 0xfb, 0x5f, 0xbf, 0xff, 0xff,
    0xff, 0xfe, 0xbf, 0xff, 0xff, 0xff, 0xff, 0xff, 0xff, 0xff, 0xdd, 0xd8, 0x32, 0xfb, 0x55, 0xb5, 0xd8, 0x01, 0xed,
    0xfd, 0xf6, 0xdb, 0x3f, 0xff, 0xff, 0xff, 0xff, 0xff, 0xff, 0xff, 0xff, 0xff, 0xff, 0xff, 0xff, 0xff, 0xff, 0xff,
    0xeb, 0x7e, 0xda, 0xaf, 0xfb, 0xff, 0x35, 0xfb, 0x42, 0x3f, 0xff, 0xff, 0xff, 0xfd, 0x1f, 0xff, 0xff, 0xff, 0xff,
    0xff, 0xff, 0xff, 0xdf, 0xf8, 0x73, 0xad, 0x56, 0xde, 0xfc, 0x0f, 0xff, 0x57, 0x5b, 0xb6, 0xbf, 0xff, 0xff, 0xff,
    0xff, 0xff, 0xff, 0xff, 0xff, 0xff, 0xff, 0xff, 0xff, 0xff, 0xff, 0xff, 0x8f, 0xcf, 0xde, 0xff, 0xfb, 0xff, 0xd3,
    0x7b, 0xdf, 0xff, 0xff, 0xff, 0xff, 0xfe, 0x4f, 0xff, 0xff, 0xff, 0xff, 0xff, 0xff, 0xff, 0xdb, 0x68, 0x3b, 0x76,
    0xbb, 0x77, 0x54, 0x0e, 0xd6, 0xfd, 0xee, 0xed, 0xbf, 0xff, 0xff, 0xff, 0xff, 0xff, 0xff, 0xff, 0xff, 0xff, 0xff,
    0xff, 0xff, 0xff, 0xff, 0xff, 0x5f, 0xee, 0xdb, 0x7f, 0xfb, 0xff, 0xcf, 0x7b, 0x5b, 0xbf, 0xff, 0xff, 0xff, 0xfc,
    0x13, 0xff, 0xff, 0xff, 0xff, 0xff, 0xff, 0xff, 0xde, 0xf8, 0x39, 0xdb, 0xd5, 0xbb, 0xfc, 0x07, 0x7f, 0xd7, 0x7b,
    0xb7, 0x5f, 0xff, 0xff, 0xff, 0xff, 0xff, 0xff, 0xff, 0xff, 0xff, 0xff, 0xff, 0xff, 0xff, 0xff, 0xff, 0xd0, 0x2e,
    0xd4, 0x0e, 0xa2, 0xbf, 0x3b, 0x3f, 0x7a, 0x7f, 0xff, 0xff, 0xff, 0xff, 0x45, 0xff, 0xff, 0xff, 0xff, 0xff, 0xff,
    0xff, 0xbb, 0x70, 0x03, 0xed, 0x5b, 0x6e, 0xdc, 0x07, 0xf5, 0x7d, 0xae, 0xdb, 0xbf, 0xff, 0xff, 0xff, 0xff, 0xff,
    0xff, 0xff, 0xff, 0xff, 0xff, 0xff, 0xff, 0xff, 0xff, 0xff, 0xdf, 0xef, 0xdf, 0xff, 0xfb, 0xff, 0x55, 0x9b, 0x59,
    0xff, 0xff, 0xff, 0xff, 0xfe, 0x12, 0xff, 0xff, 0xff, 0xff, 0xff, 0xff, 0xff, 0xae, 0xb0, 0x01, 0xbe, 0xed, 0xdb,
    0xf8, 0x11, 0x6d, 0xa7, 0xfb, 0xed, 0x5f, 0xff, 0xff, 0xff, 0xff, 0xff, 0xff, 0xff, 0xff, 0xff, 0xff, 0xff, 0xff,
    0xff, 0xff, 0xff, 0xdf, 0xee, 0xd8, 0x1f, 0xf5, 0xff, 0xb6, 0xdb, 0x5b, 0xff, 0xff, 0xff, 0xff, 0xff, 0xa0, 0x5f,
    0xff, 0xff, 0xff, 0xff, 0xff, 0xff, 0x7a, 0xd8, 0x0b, 0xeb, 0x57, 0x7f, 0x7c, 0x01, 0x52, 0xda, 0xad, 0x77, 0xaf,
    0xff, 0xff, 0xff, 0xff, 0xff, 0xff, 0xff, 0xff, 0xff, 0xff, 0xff, 0xff, 0xff, 0xff, 0xff, 0xc0, 0x0e, 0xd7, 0xef,
    0xee, 0xff, 0x77, 0x7d, 0x5b, 0xdf, 0xff, 0xff, 0xff, 0xff, 0x92, 0x5f, 0xff, 0xff, 0xff, 0xff, 0xff, 0xfe, 0xee,
    0xf0, 0x01, 0x7d, 0xfb, 0xdd, 0xec, 0x08, 0xed, 0xff, 0xfb, 0x5d, 0xbf, 0xff, 0xff, 0xff, 0xff, 0xff, 0xff, 0xff,
    0xff, 0xff, 0xff, 0xff, 0xff, 0xff, 0xff, 0xff, 0xff, 0xef, 0xd7, 0xef, 0xce, 0x7e, 0xff, 0x7c, 0x5b, 0xdf, 0xff,
    0xff, 0xff, 0xff, 0xe8, 0x17, 0xff, 0xff, 0xff, 0xff, 0xff, 0xff, 0xfb, 0x78, 0x01, 0xd7, 0x5d, 0x77, 0xf8, 0x01,
    0xbf, 0x5b, 0x6e, 0xb6, 0xd7, 0xff, 0xff, 0xff, 0xff, 0xff, 0xff, 0xff, 0xff, 0xff, 0xff, 0xff, 0xff, 0xff, 0xff,
    0xff, 0xdf, 0xef, 0x37, 0xef, 0xbf, 0xbe, 0xf7, 0xbf, 0xfb, 0xdf, 0xff, 0xff, 0xff, 0xff, 0xf5, 0x42, 0xff, 0xff,
    0xff, 0xff, 0xff, 0xf7, 0xad, 0xd8, 0x03, 0xfd, 0xef, 0xff, 0x7c, 0x00, 0xeb, 0xff, 0xfb, 0x5f, 0x5f, 0xff, 0xff,
    0xff, 0xff, 0xff, 0xff, 0xff, 0xff, 0xff, 0xff, 0xff, 0xff, 0xff, 0xff, 0xff, 0xdf, 0x8f, 0xf2, 0x5e, 0x7f, 0xcd,
    0x97, 0xbf, 0xb9, 0x3f, 0xff, 0xff, 0xff, 0xff, 0xfa, 0x09, 0xff, 0xff, 0xff, 0xff, 0xff, 0xeb, 0xfb, 0x7c, 0x01,
    0xff, 0x7b, 0xbf, 0xb8, 0x41, 0xfd, 0x6e, 0xdf, 0xba, 0xef, 0xff, 0xff, 0xff, 0xff, 0xff, 0xff, 0xff, 0xff, 0xff,
    0xff, 0xff, 0xff, 0xff, 0xff, 0xff, 0xff, 0xff, 0xff, 0xff, 0xff, 0xff, 0xff, 0xff, 0xff, 0xff, 0xff, 0xff, 0xff,
    0xff, 0xfe, 0xa2, 0x3f, 0xff, 0xff, 0xff, 0xff, 0xcf, 0xee, 0xd4, 0x03, 0xd5, 0xde, 0xfa, 0xfc, 0x00, 0xab, 0xff,
    0xfd, 0x8f, 0xaf, 0xff, 0xff, 0xff, 0xff, 0xff, 0xff, 0xff, 0xff, 0xff, 0xff, 0xff, 0xff, 0xff, 0xff, 0xff, 0xff,
    0xff, 0xff, 0xff, 0xff, 0xff, 0xff, 0xff, 0xff, 0xff, 0xff, 0xff, 0xff, 0xff, 0xff, 0x88, 0x8f, 0xff, 0xff, 0xff,
    0xff, 0xbf, 0xbb, 0xfe, 0x0f, 0xff, 0x7f, 0xff, 0xfc, 0x03, 0xdf, 0x77, 0xf7, 0xd6, 0xef, 0xff, 0xff, 0xff, 0xff,
    0xff, 0xff, 0xff, 0xff, 0xff, 0xff, 0xff, 0xff, 0xff, 0xff, 0xff, 0xff, 0xff, 0xff, 0xff, 0xff, 0xff, 0xff, 0xff,
    0xff, 0xff, 0xff, 0xff, 0xff, 0xff, 0xff, 0xe0, 0x25, 0xff, 0xff, 0xff, 0xff, 0x3f, 0xfd, 0x57, 0x3f, 0xd5, 0xf7,
    0xef, 0xff, 0x0a, 0xb7, 0xff, 0xbe, 0xcf, 0xaf, 0xff, 0xff, 0xff, 0xff, 0xff, 0xff, 0xff, 0xff, 0xff, 0xff, 0xff,
    0xff, 0xff, 0xff, 0xff, 0xff, 0xff, 0xff, 0xff, 0xff, 0xff, 0xff, 0xff, 0xff, 0xff, 0xff, 0xff, 0xff, 0xff, 0xff,
    0xfa, 0x89, 0x7f, 0xff, 0xff, 0xff, 0xb7, 0xef, 0xfd, 0xff, 0xee, 0xff, 0xbf, 0xff, 0xaf, 0xfd, 0xff, 0xff, 0x75,
    0xf7, 0xff, 0xff, 0xff, 0xff, 0xff, 0xff, 0xff, 0xff, 0xff, 0xff, 0xff, 0xff, 0xff, 0xff, 0xff, 0xff, 0xff, 0xff,
    0xff, 0xff, 0xff, 0xff, 0xff, 0xff, 0xff, 0xff, 0xff, 0xff, 0xff, 0xff, 0xdc, 0x21, 0x57, 0xff, 0xff, 0xff, 0xaf,
    0xfb, 0x6e, 0xef, 0xe4, 0xfe, 0xff, 0xff, 0xfa, 0xaf, 0xff, 0xff, 0xaf, 0x57, 0xff, 0xff, 0xff, 0xff, 0xff, 0xff,
    0xff, 0xff, 0xff, 0xff, 0xff, 0xff, 0xff, 0xff, 0xff, 0xff, 0xff, 0xff, 0xff, 0xff, 0xff, 0xff, 0xff, 0xff, 0xff,
    0xff, 0xff, 0xff, 0xff, 0xff, 0xff, 0x84, 0x15, 0xff, 0xff, 0xff, 0x9f, 0xff, 0xfb, 0xff, 0xf3, 0xef, 0xff, 0xff,
    0xff, 0xff, 0xff, 0xed, 0xd5, 0xf7, 0xff, 0xff, 0xff, 0xff, 0xff, 0xff, 0xff, 0xff, 0xff, 0xff, 0xff, 0xff, 0xff,
    0xff, 0xff, 0xff, 0xff, 0xff, 0xff, 0xff, 0xff, 0xff, 0xff, 0xff, 0xff, 0xff, 0xff, 0xff, 0xff, 0xff, 0xff, 0x68,
    0x8a, 0x5f, 0xff, 0xff, 0xaf, 0xff, 0xdf, 0xbf, 0xf9, 0xff, 0xff, 0xff, 0xbb, 0xff, 0xfe, 0xff, 0x9f, 0xb7, 0xff,
    0xff, 0xff, 0xff, 0xff, 0xff, 0xff, 0xff, 0xff, 0xff, 0xff, 0xff, 0xff, 0xff, 0xff, 0xff, 0xff, 0xff, 0xff, 0xff,
    0xff, 0xff, 0xff, 0xff, 0xff, 0xff, 0xff, 0xff, 0xff, 0xff, 0xff, 0xea, 0x20, 0x8a, 0xff, 0xff, 0xdf, 0xff, 0x7f,
    0xff, 0xff, 0xff, 0xff, 0xff, 0xff, 0xff, 0xff, 0xfe, 0xcd, 0xf7, 0xff, 0xff, 0xff, 0xff, 0xff, 0xff, 0xff, 0xff,
    0xff, 0xff, 0xff, 0xff, 0xff, 0xff, 0xff, 0xff, 0xff, 0xff, 0xff, 0xff, 0xff, 0xff, 0xff, 0xff, 0xff, 0xff, 0xff,
    0xff, 0xff, 0xff, 0xff, 0xfa, 0x82, 0x22, 0xaf, 0xff, 0xbf, 0xff, 0xff, 0xff, 0xfb, 0xff, 0xff, 0xff, 0xff, 0xff,
    0xff, 0xfb, 0xd7, 0x5b, 0xff, 0xff, 0xff, 0xff, 0xff, 0xff, 0xff, 0xff, 0xff, 0xff, 0xff, 0xff, 0xff, 0xff, 0xff,
    0xff, 0xff, 0xff, 0xff, 0xff, 0xff, 0xff, 0xff, 0xff, 0xff, 0xff, 0xff, 0xff, 0xff, 0xff, 0xff, 0xfe, 0xa8, 0x08,
    0x52, 0xbf, 0xdf, 0xff, 0xff, 0xff, 0xfd, 0xff, 0xff, 0xff, 0xff, 0xff, 0xff, 0xef, 0x4f, 0xfb, 0xff, 0xff, 0xff,
    0xff, 0xff, 0xff, 0xff, 0xff, 0xff, 0xff, 0xff, 0xff, 0xff, 0xff, 0xff, 0xff, 0xff, 0xff, 0xff, 0xff, 0xff, 0xff,
    0xff, 0xff, 0xff, 0xff, 0xff, 0xff, 0xff, 0xff, 0xff, 0xff, 0xea, 0xa1, 0x04, 0xaf, 0xbf, 0xff, 0xff, 0xff, 0xff,
    0xff, 0xff, 0xff, 0xff, 0xff, 0xff, 0xff, 0x6d, 0x6d, 0xff, 0xff, 0xff, 0xff, 0xff, 0xff, 0xff, 0xff, 0xff, 0xff,
    0xff, 0xff, 0xff, 0xff, 0xff, 0xff, 0xff, 0xff, 0xff, 0xff, 0xff, 0xff, 0xff, 0xff, 0xff, 0xff, 0xff, 0xff, 0xff,
    0xff, 0xff, 0xff, 0xfd, 0x48, 0x10, 0x17, 0xff, 0xff, 0xff, 0xff, 0xfd, 0xff, 0xff, 0xff, 0xff, 0xff, 0xff, 0x7d,
    0xaf, 0xfb, 0xff, 0xff, 0xff, 0xff, 0xff, 0xff, 0xff, 0xff, 0xff, 0xff, 0xff, 0xff, 0xff, 0xff, 0xff, 0xff, 0xff,
    0xff, 0xff, 0xff, 0xff, 0xff, 0xff, 0xff, 0xff, 0xff, 0xff, 0xff, 0xff, 0xff, 0xff, 0xff, 0xff, 0xea, 0x82, 0x4b,
    0x9f, 0xff, 0xff, 0xff, 0xff, 0xff, 0xff, 0xff, 0xff, 0xff, 0xfb, 0xf7, 0x5b, 0x5d, 0xff, 0xff, 0xff, 0xff, 0xff,
    0xff, 0xff, 0xff, 0xff, 0xff, 0xff, 0xff, 0xff, 0xff, 0xff, 0xff, 0xff, 0xff, 0xff, 0xff, 0xff, 0xff, 0xff, 0xff,
    0xff, 0xff, 0xff, 0xff, 0xff, 0xff, 0xff, 0xff, 0xff, 0xfb, 0x68, 0x8f, 0xdf, 0xff, 0xff, 0xff, 0xfe, 0xff, 0xff,
    0xff, 0xff, 0xff, 0xff, 0xfe, 0xf7, 0xf6, 0xff, 0xff, 0xff, 0xff, 0xff, 0xff, 0xff, 0xff, 0xff, 0xff, 0xff, 0xff,
    0xff, 0xff, 0xff, 0xff, 0xff, 0xff, 0xff, 0xff, 0xff, 0xff, 0xff, 0xff, 0xff, 0xff, 0xff, 0xff, 0xff, 0xff, 0xff,
    0xff, 0xff, 0xff, 0xb6, 0x57, 0xdf, 0xff, 0xff, 0xff, 0xfd, 0xff, 0xff, 0xff, 0xff, 0xff, 0xff, 0xdd, 0x5d, 0xbb,
    0xff, 0xff, 0xff, 0xff, 0xff, 0xff, 0xff, 0xff, 0xff, 0xff, 0xff, 0xff, 0xff, 0xff, 0xff, 0xff, 0xff, 0xff, 0xff,
    0xff, 0xff, 0xff, 0xff, 0xff, 0xff, 0xff, 0xff, 0xff, 0xff, 0xff, 0xff, 0xff, 0xff, 0xff, 0xfd, 0xbf, 0xdf, 0xff,
    0xff, 0xff, 0xfb, 0x7f, 0xff, 0xff, 0xff, 0xff, 0xdf, 0x7b, 0xef, 0xed, 0xff, 0xff, 0xff, 0xff, 0xff, 0xff, 0xff,
    0xff, 0xff, 0xff, 0xff, 0xff, 0xff, 0xff, 0xff, 0xff, 0xff, 0xff, 0xff, 0xff, 0xff, 0xff, 0xff, 0xff, 0xff, 0xff,
    0xff, 0xff, 0xff, 0xff, 0xff, 0xff, 0xff, 0xff, 0xff, 0xef, 0xdf, 0xff, 0xff, 0xff, 0xfb, 0x3f, 0xff, 0xff, 0xff,
    0xff, 0x7d, 0xed, 0x5a, 0xbe, 0xff, 0xff, 0xff, 0xff, 0xff, 0xff, 0xff, 0xff, 0xff, 0xff, 0xff, 0xff, 0xff, 0xff,
    0xff, 0xff, 0xff, 0xff, 0xff, 0xff, 0xff, 0xff, 0xff, 0xff, 0xff, 0xff, 0xff, 0xff, 0xff, 0xff, 0xff, 0xff, 0xff,
    0xff, 0xff, 0xff, 0xdf, 0xff, 0xff, 0xff, 0xf7, 0xbf, 0xff, 0xff, 0xff, 0xfd, 0xff, 0xf3, 0x7f, 0xf5, 0x7f, 0xff,
    0xff, 0xff, 0xff, 0xff, 0xff, 0xff, 0xff, 0xff, 0xff, 0xff, 0xff, 0xff, 0xff, 0xff, 0xff, 0xff, 0xff, 0xff, 0xff,
    0xff, 0xff, 0xff, 0xff, 0xff, 0xff, 0xff, 0xff, 0xff, 0xff, 0xff, 0xff, 0xff, 0xff, 0xff, 0xd3, 0xff, 0xff, 0xff,
    0xff, 0xdf, 0xff, 0xff, 0xff, 0xff, 0xff, 0xaa, 0xd6, 0xde, 0xff, 0xff, 0xff, 0xff, 0xff, 0xff, 0xff, 0xff, 0xff,
    0xff, 0xff, 0xff, 0xff, 0xff, 0xff, 0xff, 0xff, 0xff, 0xff, 0xff, 0xff, 0xff, 0xff, 0xff, 0xff, 0xff, 0xff, 0xff,
    0xff, 0xff, 0xff, 0xff, 0xff, 0xff, 0xff, 0xff, 0xf5, 0xff, 0xff, 0xff, 0xff, 0xff, 0xff, 0xff, 0xff, 0xf7, 0xf6,
    0xcb, 0xff, 0xfa, 0xff, 0xff, 0xff, 0xff, 0xff, 0xff, 0xff, 0xff, 0xff, 0xff, 0xff, 0xff, 0xff, 0xff, 0xff, 0xff,
    0xff, 0xff, 0xff, 0xff, 0xff, 0xff, 0xff, 0xff, 0xff, 0xff, 0xff, 0xff, 0xff, 0xff, 0xff, 0xff, 0xff, 0xff, 0xff,
    0xff, 0xf9, 0xbf, 0xff, 0xff, 0xff, 0xff, 0xff, 0xff, 0xff, 0xdf, 0xff, 0x9e, 0xab, 0x6e, 0xff, 0xff, 0xff, 0xff,
    0xff, 0xff, 0xff, 0xff, 0xff, 0xff, 0xff, 0xff, 0xff, 0xff, 0xff, 0xff, 0xff, 0xff, 0xff, 0xff, 0xff, 0xff, 0xff,
    0xff, 0xff, 0xff, 0xff, 0xff, 0xff, 0xff, 0xff, 0xff, 0xff, 0xff, 0xff, 0xff, 0xfe, 0xbf, 0xff, 0xff, 0xff, 0xff,
    0xff, 0xff, 0xff, 0x7f, 0xb6, 0x6b, 0xff, 0xfb, 0x7f, 0xff, 0xff, 0xff, 0xff, 0xff, 0xff, 0xff, 0xff, 0xff, 0xff,
    0xff, 0xff, 0xff, 0xff, 0xff, 0xff, 0xff, 0xff, 0xff, 0xff, 0xff, 0xff, 0xff, 0xff, 0xff, 0xff, 0xff, 0xff, 0xff,
    0xff, 0xff, 0xff, 0xff, 0xff, 0xff, 0xff, 0xcf, 0x7f, 0xff, 0xff, 0xff, 0xff, 0xff, 0xff, 0xff, 0xed, 0x7d, 0x55,
    0x5f, 0x7f, 0xff, 0xff, 0xff, 0xff, 0xff, 0xff, 0xff, 0xff, 0xff, 0xff, 0xff, 0xff, 0xff, 0xff, 0xff, 0xff, 0xff,
    0xff, 0xff, 0xff, 0xff, 0xff, 0xff, 0xff, 0xff, 0xff, 0xff, 0xff, 0xff, 0xff, 0xff, 0xff, 0xff, 0xff, 0xff, 0xff,
    0xee, 0x83, 0xef, 0xff, 0xff, 0xff, 0xff, 0xfb, 0xfd, 0x49, 0xd7, 0xff, 0xf7, 0x3f, 0xff, 0xff, 0xff, 0xff, 0xff,
    0xff, 0xff, 0xff, 0xff, 0xff, 0xff, 0xff, 0xff, 0xff, 0xff, 0xff, 0xff, 0xff, 0xff, 0xff, 0xff, 0xff, 0xff, 0xff,
    0xff, 0xff, 0xff, 0xff, 0xff, 0xff, 0xff, 0xff, 0xff, 0xff, 0xff, 0xff, 0xfc, 0x7b, 0x7b, 0xff, 0xff, 0xff, 0xff,
    0xef, 0xaa, 0xff, 0x7a, 0xae, 0xfb, 0xbf, 0xff, 0xff, 0xff, 0xff, 0xff, 0xff, 0xff, 0xff, 0xff, 0xff, 0xff, 0xff,
    0xff, 0xff, 0xff, 0xff, 0xff, 0xff, 0xff, 0xff, 0xff, 0xff, 0xff, 0xff, 0xff, 0xff, 0xff, 0xff, 0xff, 0xff, 0xff,
    0xff, 0xff, 0xff, 0xff, 0xff, 0xf9, 0xff, 0xff, 0xff, 0xff, 0xff, 0xff, 0xff, 0x6f, 0xd6, 0xd7, 0xfb, 0xae, 0xbf,
    0xff, 0xff, 0xff, 0xff, 0xff, 0xff, 0xff, 0xff, 0xff, 0xff, 0xff, 0xff, 0xff, 0xff, 0xff, 0xff, 0xff, 0xff, 0xff,
    0xff, 0xff, 0xff, 0xff, 0xff, 0xff, 0xff, 0xff, 0xff, 0xff, 0xff, 0xff, 0xff, 0xff, 0xff, 0xff, 0xff, 0xf8, 0xff,
    0xff, 0xff, 0xff, 0xfb, 0x5f, 0xba, 0xde, 0xfb, 0xfd, 0xbf, 0xfb, 0xbf, 0xff, 0xff, 0xff, 0xff, 0xff, 0xff, 0xff,
    0xff, 0xff, 0xff, 0xff, 0xff, 0xff, 0xff, 0xff, 0xff, 0xff, 0xff, 0xff, 0xff, 0xff, 0xff, 0xff, 0xff, 0xff, 0xff,
    0xff, 0xff, 0xff, 0xff, 0xff, 0xff, 0xff, 0xff, 0xff, 0xff, 0xf1, 0xff, 0xff, 0xff, 0xff, 0xfd, 0xbb, 0xff, 0xeb,
    0xae, 0xaf, 0x6d, 0x5f, 0xbf, 0xff, 0xff, 0xff, 0xff, 0xff, 0xff, 0xff, 0xff, 0xff, 0xff, 0xff, 0xff, 0xff, 0xff,
    0xff, 0xff, 0xff, 0xff, 0xff, 0xff, 0xff, 0xff, 0xff, 0xff, 0xff, 0xff, 0xff, 0xff, 0xff, 0xff, 0xff, 0xff, 0xff,
    0xff, 0xff, 0xff, 0xe1, 0xff, 0xff, 0xff, 0xff, 0xff, 0xff, 0xef, 0xbf, 0xfb, 0xf5, 0xff, 0xb5, 0x9f, 0xff, 0xff,
    0xff, 0xff, 0xff, 0xff, 0xff, 0xff, 0xff, 0xff, 0xff, 0xff, 0xff, 0xff, 0xff, 0xff, 0xff, 0xff, 0xff, 0xff, 0xff,
    0xff, 0xff, 0xff, 0xff, 0xff, 0xff, 0xff, 0xff, 0xff, 0xff, 0xff, 0xff, 0xff, 0xff, 0xff, 0xf3, 0xef, 0xff, 0xff,
    0xff, 0xff, 0xff, 0x7d, 0xfd, 0x5e, 0xbf, 0xb6, 0xff, 0xdf, 0xff, 0xff, 0xff, 0xff, 0xff, 0xff, 0xff, 0xff, 0xff,
    0xff, 0xff, 0xff, 0xff, 0xff, 0xff, 0xff, 0xff, 0xff, 0xff, 0xff, 0xff, 0xff, 0xff, 0xff, 0xff, 0xff, 0xff, 0xff,
    0xff, 0xff, 0xff, 0xff, 0xff, 0xff, 0xff, 0xff, 0xf3, 0xef, 0xff, 0xff, 0xff, 0xff, 0xff, 0xff, 0xef, 0xf7, 0xed,
    0xff, 0x2d, 0x5f, 0xff, 0xff, 0xff, 0xff, 0xff, 0xff, 0xff, 0xff, 0xff, 0xff, 0xff, 0xff, 0xff, 0xff, 0xff, 0xff,
    0xff, 0xff, 0xff, 0xff, 0xff, 0xff, 0xff, 0xff, 0xff, 0xff, 0xff, 0xff, 0xff, 0xff, 0xff, 0xff, 0xff, 0xff, 0xff,
    0xff, 0xf7, 0xdf, 0xff, 0xff, 0xff, 0xff, 0xff, 0xf7, 0x7f, 0xdd, 0xbf, 0x6d, 0xfb, 0xff, 0xff, 0xff, 0xff, 0xff,
    0xff, 0xff, 0xff, 0xff, 0xff, 0xff, 0xff, 0xff, 0xff, 0xff, 0xff, 0xff, 0xff, 0xff, 0xff, 0xff, 0xff, 0xff, 0xff,
    0xff, 0xff, 0xff, 0xff, 0xff, 0xff, 0xff, 0xff, 0xff, 0xff, 0xff, 0xff, 0xff, 0xf3, 0xbf, 0xff, 0xff, 0xff, 0xff,
    0xff, 0xff, 0xfb, 0x7f, 0x75, 0xff, 0xaf, 0x5f, 0xff, 0xff, 0xff, 0xff, 0xff, 0xff, 0xff, 0xff, 0xff, 0xff, 0xff,
    0xff, 0xff, 0xff, 0xff, 0xff, 0xff, 0xff, 0xff, 0xff, 0xff, 0xff, 0xff, 0xff, 0xff, 0xff, 0xff, 0xff, 0xff, 0xff,
    0xff, 0xff, 0xff, 0xff, 0xff, 0xff, 0xf7, 0xdf, 0xff, 0xff, 0xff, 0xff, 0xff, 0xff, 0xef, 0xf7, 0xdf, 0xb6, 0xfb,
    0xdf, 0xff, 0xff, 0xff, 0xff, 0xff, 0xff, 0xff, 0xff, 0xff, 0xff, 0xff, 0xff, 0xff, 0xff, 0xff, 0xff, 0xff, 0xff,
    0xff, 0xff, 0xff, 0xff, 0xff, 0xff, 0xff, 0xff, 0xff, 0xff, 0xff, 0xff, 0xff, 0xff, 0xff, 0xff, 0xff, 0xff, 0xf6,
    0xdf, 0xef, 0xff, 0xff, 0xff, 0x7f, 0xff, 0x7f, 0xfd, 0xfb, 0xff, 0x6e, 0xaf, 0xff, 0xff, 0xff, 0xff, 0xff, 0xff,
    0xff, 0xff, 0xff, 0xff, 0xff, 0xff, 0xff, 0xff, 0xff, 0xff, 0xff, 0xff, 0xff, 0xff, 0xff, 0xff, 0xff, 0xff, 0xff,
    0xff, 0xff, 0xff, 0xff, 0xff, 0xff, 0xff, 0xff, 0xff, 0xff, 0xff, 0xf3, 0x9f, 0xff, 0xff, 0xff, 0xff, 0xff, 0xef,
    0xff, 0x6f, 0x6e, 0xab, 0x7b, 0xdf, 0xff, 0xff, 0xff, 0xff, 0xff, 0xff, 0xff, 0xff, 0xff, 0xff, 0xff, 0xff, 0xff,
    0xff, 0xff, 0xff, 0xff, 0xff, 0xff, 0xff, 0xff, 0xff, 0xff, 0xff, 0xff, 0xff, 0xff, 0xff, 0xff, 0xff, 0xff, 0xff,
    0xff, 0xff, 0xff, 0xff, 0xe7, 0xbd, 0xff, 0xff, 0xff, 0xfe, 0xff, 0xff, 0xff, 0xff, 0xff, 0xff, 0xb7, 0x5f, 0xff,
    0xff, 0xff, 0xff, 0xff, 0xff, 0xff, 0xff, 0xff, 0xff, 0xff, 0xff, 0xff, 0xff, 0xff, 0xff, 0xff, 0xff, 0xff, 0xff,
    0xff, 0xff, 0xff, 0xff, 0xff, 0xff, 0xff, 0xff, 0xff, 0xff, 0xff, 0xff, 0xff, 0xff, 0xff, 0xff, 0xf7, 0x9f, 0xdf,
    0xff, 0xff, 0xff, 0xff, 0xff, 0xff, 0xfb, 0x6b, 0x6d, 0x7d, 0xdf, 0xff, 0xff, 0xff, 0xff, 0xff, 0xff, 0xff, 0xff,
    0xff, 0xff, 0xff, 0xff, 0xff, 0xff, 0xff, 0xff, 0xff, 0xff, 0xff, 0xff, 0xff, 0xff, 0xff, 0xff, 0xff, 0xff, 0xff,
    0xff, 0xff, 0xff, 0xff, 0xff, 0xff, 0xff, 0xff, 0xff, 0xef, 0xbf, 0xff, 0xff, 0xff, 0xfe, 0xff, 0xf7, 0xfd, 0xef,
    0xff, 0xff, 0xd7, 0x5f, 0xff, 0xff, 0xff, 0xff, 0xff, 0xff, 0xff, 0xff, 0xff, 0xff, 0xff, 0xff, 0xff, 0xff, 0xff,
    0xff, 0xff, 0xff, 0xff, 0xff, 0xff, 0xff, 0xff, 0xff, 0xff, 0xff, 0xff, 0xff, 0xff, 0xff, 0xff, 0xff, 0xff, 0xff,
    0xff, 0xff, 0xf7, 0x9f, 0xff, 0xff, 0xff, 0xfe, 0xff, 0xde, 0xff, 0xff, 0x6d, 0x56, 0xfd, 0xcf, 0xff, 0xff, 0xff,
    0xff, 0xff, 0xff, 0xff, 0xff, 0xff, 0xff, 0xff, 0xff, 0xff, 0xff, 0xff, 0xff, 0xff, 0xff, 0xff, 0xff, 0xff, 0xff,
    0xff, 0xff, 0xff, 0xff, 0xff, 0xff, 0xff, 0xff, 0xff, 0xff, 0xff, 0xff, 0xff, 0xff, 0xdf, 0xdf, 0xbf, 0xff, 0xff,
    0xfe, 0xff, 0xff, 0xff, 0xfd, 0xff, 0xff, 0x57, 0xdf, 0xff, 0xff, 0xff, 0xff, 0xff, 0xff, 0xff, 0xff, 0xff, 0xff,
    0xff, 0xff, 0xff, 0xff, 0xff, 0xff, 0xff, 0xff, 0xff, 0xff, 0xff, 0xff, 0xff, 0xff, 0xff, 0xff, 0xff, 0xff, 0xff,
    0xff, 0xff, 0xff, 0xff, 0xff, 0xff, 0xff, 0xdd, 0xdb, 0xbf, 0xff, 0xff, 0xfe, 0xef, 0xbf, 0xff, 0xf7, 0xda, 0xda,
    0xfd, 0x5f, 0xff, 0xff, 0xff, 0xff, 0xff, 0xff, 0xff, 0xff, 0xff, 0xff, 0xff, 0xff, 0xff, 0xff, 0xff, 0xff, 0xff,
    0xff, 0xff, 0xff, 0xff, 0xff, 0xff, 0xff, 0xff, 0xff, 0xff, 0xff, 0xff, 0xff, 0xff, 0xff, 0xff, 0xff, 0xff, 0xff,
    0xb7, 0xdf, 0x7f, 0xff, 0xff, 0xfe, 0xff, 0xff, 0xff, 0xdf, 0xff, 0xff, 0xaf, 0xdf, 0xff, 0xff, 0xff, 0xff, 0xff,
    0xff, 0xff, 0xff, 0xff, 0xff, 0xff, 0xff, 0xff, 0xff, 0xff, 0xff, 0xff, 0xff, 0xff, 0xff, 0xff, 0xff, 0xff, 0xff,
    0xff, 0xff, 0xff, 0xff, 0xff, 0xff, 0xff, 0xff, 0xff, 0xff, 0xff, 0xff, 0x3f, 0xdf, 0x7f, 0xff, 0xff, 0xfe, 0xff,
    0xbf, 0xff, 0xff, 0x6a, 0xad, 0x7a, 0xdf, 0xff, 0xff, 0xff, 0xff, 0xff, 0xff, 0xff, 0xff, 0xff, 0xff, 0xff, 0xff,
    0xff, 0xff, 0xff, 0xff, 0xff, 0xff, 0xff, 0xff, 0xff, 0xff, 0xff, 0xff, 0xff, 0xff, 0xff, 0xff, 0xff, 0xff, 0xff,
    0xff, 0xff, 0xff, 0xff, 0xff, 0x7f, 0xd7, 0xff, 0xff, 0xff, 0xfe, 0xed, 0xff, 0xff, 0xff, 0xff, 0xfb, 0xef, 0x6f,
    0xff, 0xff, 0xff, 0xff, 0xff, 0xff, 0xff, 0xff, 0xff, 0xff, 0xff, 0xff, 0xff, 0xff, 0xff, 0xff, 0xff, 0xff, 0xff,
    0xff, 0xff, 0xff, 0xff, 0xff, 0xff, 0xff, 0xff, 0xff, 0xff, 0xff, 0xff, 0xff, 0xff, 0xff, 0xff, 0xfe, 0xf7, 0xda,
    0xff, 0xff, 0xff, 0xff, 0x7f, 0xff, 0xff, 0xff, 0xbb, 0x6e, 0xba, 0xdf, 0xff, 0xff, 0xff, 0xff, 0xff, 0xff, 0xff,
    0xff, 0xff, 0xff, 0xff, 0xff, 0xff, 0xff, 0xff, 0xff, 0xff, 0xff, 0xff, 0xff, 0xff, 0xff, 0xff, 0xff, 0xff, 0xff,
    0xff, 0xff, 0xff, 0xff, 0xff, 0xff, 0xff, 0xff, 0xff, 0xfe, 0xdf, 0x6e, 0x7f, 0xff, 0xff, 0xff, 0x7e, 0xff, 0xff,
    0xfb, 0xef, 0xdb, 0xef, 0x6f, 0xff, 0xff, 0xff, 0xff, 0xff, 0xff, 0xff, 0xff, 0xff, 0xff, 0xff, 0xff, 0xff, 0xff,
    0xff, 0xff, 0xff, 0xff, 0xff, 0xff, 0xff, 0xff, 0xff, 0xff, 0xff, 0xff, 0xff, 0xff, 0xff, 0xff, 0xff, 0xff, 0xff,
    0xff, 0xff, 0xf9, 0xff, 0xeb, 0x7f, 0xff, 0xff, 0xff, 0x5b, 0x7f, 0xff, 0xff, 0xfd, 0x7e, 0xf5, 0xdf, 0xff, 0xff,
    0xff, 0xff, 0xff, 0xff, 0xff, 0xff, 0xff, 0xff, 0xff, 0xff, 0xff, 0xff, 0xff, 0xff, 0xff, 0xff, 0xff, 0xff, 0xff,
    0xff, 0xff, 0xff, 0xff, 0xff, 0xff, 0xff, 0xff, 0xff, 0xff, 0xff, 0xff, 0xff, 0xff, 0xfb, 0xff, 0xf0, 0x7f, 0xff,
    0xff, 0xff, 0xb7, 0xff, 0xff, 0xff, 0x77, 0xeb, 0xbe, 0xff, 0xff, 0xff, 0xff, 0xff, 0xff, 0xff, 0xff, 0xff, 0xff,
    0xff, 0xff, 0xff, 0xff, 0xff, 0xff, 0xff, 0xff, 0xff, 0xff, 0xff, 0xff, 0xff, 0xff, 0xff, 0xff, 0xff, 0xff, 0xff,
    0xff, 0xff, 0xff, 0xff, 0xff, 0xff, 0xff, 0xf7, 0xdf, 0xfa, 0xff, 0xff, 0xf7, 0xff, 0xda, 0xff, 0xff, 0xff, 0xde,
    0xbe, 0xea, 0xdf, 0xff, 0xff, 0xff, 0xff, 0xff, 0xff, 0xff, 0xff, 0xff, 0xff, 0xff, 0xff, 0xff, 0xff, 0xff, 0xff,
    0xff, 0xff, 0xff, 0xff, 0xff, 0xff, 0xff, 0xff, 0xff, 0xff, 0xff, 0xff, 0xff, 0xff, 0xff, 0xff, 0xff, 0xff, 0xff,
    0xeb, 0x7e, 0xff, 0xff, 0xff, 0xff, 0xff, 0xe4, 0xff, 0xcf, 0xfb, 0xfb, 0xeb, 0xbd, 0x7f, 0xff, 0xff, 0xff, 0xff,
    0xff, 0xff, 0xff, 0xff, 0xff, 0xff, 0xff, 0xff, 0xff, 0xff, 0xff, 0xff, 0xff, 0xff, 0xff, 0xff, 0xff, 0xff, 0xff,
    0xff, 0xff, 0xff, 0xff, 0xff, 0xff, 0xff, 0xff, 0xff, 0xff, 0xfe, 0x3f, 0xef, 0xff, 0xff, 0xff, 0xff, 0xfe, 0xff,
    0xfb, 0xff, 0x1f, 0xff, 0xff, 0x7f, 0xec, 0xff, 0xff, 0xff, 0xff, 0xff, 0xff, 0xff, 0xff, 0xff, 0xff, 0xff, 0xff,
    0xff, 0xff, 0xff, 0xff, 0xff, 0xff, 0xff, 0xff, 0xff, 0xff, 0xff, 0xff, 0xff, 0xff, 0xff, 0xff, 0xff, 0xff, 0xff,
    0xff, 0xff, 0xff, 0xfe, 0xef, 0xeb, 0xff, 0xff, 0xff, 0xff, 0xff, 0xff, 0xff, 0xff, 0xbb, 0xff, 0x6d, 0xd5, 0x5a,
    0xff, 0xff, 0xff, 0xff, 0xff, 0xff, 0xff, 0xff, 0xff, 0xff, 0xff, 0xff, 0xff, 0xff, 0xff, 0xff, 0xff, 0xff, 0xff,
    0xff, 0xff, 0xff, 0xff, 0xff, 0xff, 0xff, 0xff, 0xff, 0xff, 0xff, 0xff, 0xff, 0xff, 0xff, 0xff, 0x7f, 0xef, 0xff,
    0xff, 0xff, 0xff, 0xff, 0xff, 0xff, 0xfe, 0xff, 0xff, 0xff, 0x7f, 0xf4, 0xff, 0xff, 0xff, 0xff, 0xff, 0xff, 0xff,
    0xff, 0xff, 0xff, 0xff, 0xff, 0xff, 0xff, 0xff, 0xff, 0xff, 0xff, 0xff, 0xff, 0xff, 0xff, 0xff, 0xff, 0xff, 0xff,
    0xff, 0xff, 0xff, 0xff, 0xff, 0xff, 0xff, 0xff, 0xff, 0x67, 0xe7, 0xff, 0xff, 0xff, 0xff, 0xff, 0xff, 0xff, 0xff,
    0xb3, 0xfd, 0xdb, 0xda, 0xbd, 0xff, 0xff, 0xff, 0xff, 0xff, 0xff, 0xff, 0xff, 0xff, 0xff, 0xff, 0xff, 0xff, 0xff,
    0xff, 0xff, 0xff, 0xff, 0xff, 0xff, 0xff, 0xff, 0xff, 0xff, 0xff, 0xff, 0xff, 0xff, 0xff, 0xff, 0xff, 0xff, 0xff,
    0xff, 0xff, 0x7b, 0xef, 0xdf, 0xff, 0xff, 0xff, 0xff, 0xff, 0xff, 0xfd, 0xdf, 0xff, 0xfe, 0xf7, 0xd4, 0xff, 0xff,
    0xff, 0xff, 0xff, 0xff, 0xff, 0xff, 0xff, 0xff, 0xff, 0xff, 0xff, 0xff, 0xff, 0xff, 0xff, 0xff, 0xff, 0xff, 0xff,
    0xff, 0xff, 0xff, 0xff, 0xff, 0xff, 0xff, 0xff, 0xff, 0xff, 0xff, 0xff, 0xff, 0xff, 0xbb, 0xef, 0xff, 0xff, 0xff,
    0xff, 0xff, 0xff, 0xff, 0xff, 0x79, 0xff, 0xb7, 0x5e, 0xb4, 0xff, 0xff, 0xff, 0xff, 0xff, 0xff, 0xff, 0xff, 0xff,
    0xff, 0xff, 0xff, 0xff, 0xff, 0xff, 0xff, 0xff, 0xff, 0xff, 0xff, 0xff, 0xff, 0xff, 0xff, 0xff, 0xff, 0xff, 0xff,
    0xff, 0xff, 0xff, 0xff, 0xff, 0xff, 0xff, 0xbd, 0xef, 0xff, 0xff, 0xff, 0xff, 0xff, 0xdf, 0xff, 0xff, 0xfb, 0xf6,
    0xfd, 0xf7, 0xf2, 0xff, 0xff, 0xff, 0xff, 0xff, 0xff, 0xff, 0xff, 0xff, 0xff, 0xff, 0xff, 0xff, 0xff, 0xff, 0xff,
    0xff, 0xff, 0xff, 0xff, 0xff, 0xff, 0xff, 0xff, 0xff, 0xff, 0xff, 0xff, 0xff, 0xff, 0xff, 0xff, 0xff, 0xff, 0xff,
    0xdc, 0xef, 0x7f, 0xff, 0xff, 0xff, 0xff, 0xff, 0xff, 0xfd, 0xbd, 0xff, 0xef, 0x5d, 0x55, 0xff, 0xff, 0xff, 0xff,
    0xff, 0xff, 0xff, 0xff, 0xff, 0xff, 0xff, 0xff, 0xff, 0xff, 0xff, 0xff, 0xff, 0xff, 0xff, 0xff, 0xff, 0xff, 0xff,
    0xff, 0xff, 0xff, 0xff, 0xff, 0xff, 0xff, 0xff, 0xff, 0xff, 0xff, 0xff, 0xee, 0xdf, 0xff, 0xff, 0xff, 0xff, 0xff,
    0xf7, 0xff, 0xff, 0xf9, 0xff, 0xbb, 0xf6, 0xd1, 0xff, 0xff, 0xff, 0xff, 0xff, 0xff, 0xff, 0xff, 0xff, 0xff, 0xff,
    0xff, 0xff, 0xff, 0xff, 0xff, 0xff, 0xff, 0xff, 0xff, 0xff, 0xff, 0xff, 0xff, 0xff, 0xff, 0xff, 0xff, 0xff, 0xff,
    0xff, 0xff, 0xff, 0xff, 0xff, 0xf7, 0x6f, 0xff, 0xff, 0xff, 0xff, 0xff, 0xff, 0xff, 0xfe, 0xdd, 0xfb, 0xfd, 0x5d,
    0xc5, 0xff, 0xff, 0xff, 0xff, 0xff, 0xff, 0xff, 0xff, 0xff, 0xff, 0xff, 0xff, 0xff, 0xff, 0xff, 0xff, 0xff, 0xff,
    0xff, 0xff, 0xff, 0xff, 0xff, 0xff, 0xff, 0xff, 0xff, 0xff, 0xff, 0xff, 0xff, 0xff, 0xff, 0xff, 0xff, 0xff, 0x2f,
    0xff, 0xff, 0xff, 0xff, 0xff, 0xff, 0xff, 0xff, 0xf9, 0xff, 0x6f, 0xee, 0xd7, 0xff, 0xff, 0xff, 0xff, 0xff, 0xff,
    0xff, 0xff, 0xff, 0xff, 0xff, 0xff, 0xff, 0xff, 0xff, 0xff, 0xff, 0xff, 0xff, 0xff, 0xff, 0xff, 0xff, 0xff, 0xff,
    0xff, 0xff, 0xff, 0xff, 0xff, 0xff, 0xff, 0xff, 0xff, 0xff, 0xfb, 0x1f, 0xff, 0xff, 0xff, 0xff, 0xff, 0xff, 0xff,
    0xfe, 0xff, 0xef, 0xf5, 0x75, 0xa7, 0xff, 0xff, 0xff, 0xff, 0xff, 0xff, 0xff, 0xff, 0xff, 0xff, 0xff, 0xff, 0xff,
    0xff, 0xff, 0xff, 0xff, 0xff, 0xff, 0xff, 0xff, 0xff, 0xff, 0xff, 0xff, 0xff, 0xff, 0xff, 0xff, 0xff, 0xff, 0xff,
    0xff, 0xff, 0xff, 0xfd, 0xef, 0xff, 0xff, 0xff, 0xff, 0xff, 0xff, 0xff, 0xff, 0xdf, 0xfd, 0xbf, 0xdb, 0x47, 0xff,
    0xff, 0xff, 0xff, 0xff, 0xff, 0xff, 0xff, 0xff, 0xff, 0xff, 0xff, 0xff, 0xff, 0xff, 0xff, 0xff, 0xff, 0xff, 0xff,
    0xff, 0xff, 0xff, 0xff, 0xff, 0xff, 0xff, 0xff, 0xff, 0xff, 0xff, 0xff, 0xff, 0xff, 0xff, 0xfd, 0xff, 0xff, 0xff,
    0xff, 0xff, 0xff, 0xff, 0xff, 0xfe, 0xfe, 0xf7, 0xd5, 0x6d, 0x9f, 0xff, 0xff, 0xff, 0xff, 0xff, 0xff, 0xff, 0xff,
    0xff, 0xff, 0xff, 0xff, 0xff, 0xff, 0xff, 0xff, 0xff, 0xff, 0xff, 0xff, 0xff, 0xff, 0xff, 0xff, 0xff, 0xff, 0xff,
    0xff, 0xff, 0xff, 0xff, 0xff, 0xff, 0xff, 0xff, 0xfd, 0xff, 0xff, 0xff, 0xff, 0xff, 0xff, 0xff, 0xff, 0xff, 0xf7,
    0xde, 0xff, 0xb7, 0x9f, 0xff, 0xff, 0xff, 0xff, 0xff, 0xff, 0xff, 0xff, 0xff, 0xff, 0xff, 0xff, 0xff, 0xff, 0xff,
    0xff, 0xff, 0xff, 0xff, 0xff, 0xff, 0xff, 0xff, 0xff, 0xff, 0xff, 0xff, 0xff, 0xff, 0xff, 0xff, 0xff, 0xff, 0xff,
    0xff, 0xfd, 0xff, 0x7f, 0xff, 0xff, 0xff, 0xff, 0xff, 0xff, 0xfd, 0xbf, 0xff, 0xaa, 0xda, 0xbf, 0xff, 0xff, 0xff,
    0xff, 0xff, 0xff, 0xff, 0xff, 0xff, 0xff, 0xff, 0xff, 0xff, 0xff, 0xff, 0xff, 0xff, 0xff, 0xff, 0xff, 0xff, 0xff,
    0xff, 0xff, 0xff, 0xff, 0xff, 0xff, 0xff, 0xff, 0xff, 0xff, 0xff, 0xff, 0xff, 0xfd, 0xfd, 0xfe, 0xff, 0xff, 0xff,
    0xff, 0xff, 0xff, 0xfe, 0xfd, 0xb5, 0xff, 0xb7, 0x1f, 0xff, 0xff, 0xff, 0xff, 0xff, 0xff, 0xff, 0xff, 0xff, 0xff,
    0xff, 0xff, 0xff, 0xff, 0xff, 0xff, 0xff, 0xff, 0xff, 0xff, 0xff, 0xff, 0xff, 0xff, 0xff, 0xff, 0xff, 0xff, 0xff,
    0xff, 0xff, 0xff, 0xff, 0xff, 0xff, 0xfd, 0xff, 0xff, 0xff, 0xff, 0xff, 0xff, 0xff, 0xde, 0xef, 0xef, 0xfe, 0xaa,
    0xed, 0x3f, 0x7f, 0xff, 0xff, 0xff, 0xff, 0xff, 0xff, 0xff, 0xff, 0xff, 0xff, 0xff, 0xff, 0xff, 0xff, 0xff, 0xff,
    0xff, 0xff, 0xff, 0xff, 0xff, 0xff, 0xff, 0xff, 0xff, 0xff, 0xff, 0xff, 0xff, 0xff, 0xff, 0xff, 0xff, 0xff, 0xfe,
    0xef, 0xff, 0x6f, 0x7f, 0xbb, 0xbb, 0xdd, 0xff, 0xfe, 0xfe, 0xd7, 0xff, 0x5a, 0x7f, 0xff, 0xff, 0xff, 0xff, 0xff,
    0xff, 0xff, 0xff, 0xff, 0xff, 0xff, 0xff, 0xff, 0xff, 0xff, 0xff, 0xff, 0xff, 0xff, 0xff, 0xff, 0xff, 0xff, 0xff,
    0xff, 0xff, 0xff, 0xff, 0xff, 0xff, 0xff, 0xff, 0xff, 0xff, 0xff, 0xfe, 0x71, 0xff, 0xfd, 0xed, 0xff, 0xff, 0xff,
    0xfb, 0xfb, 0x77, 0xfd, 0x55, 0xed, 0x7f, 0xff, 0xff, 0xff, 0xff, 0xff, 0xff, 0xff, 0xff, 0xff, 0xff, 0xff, 0xff,
    0xff, 0xff, 0xff, 0xff, 0xff, 0xff, 0xff, 0xff, 0xff, 0xff, 0xff, 0xff, 0xff, 0xff, 0xff, 0xff, 0xff, 0xff, 0xff,
    0xff, 0xff, 0xff, 0xff, 0xff, 0xfc, 0xfb, 0xf7, 0xff, 0xff, 0xff, 0xff, 0x6f, 0x6e, 0xfd, 0x57, 0xfb, 0x58, 0xff,
    0xff, 0xff, 0xff, 0xff, 0xff, 0xff, 0xff, 0xff, 0xff, 0xff, 0xff, 0xff, 0xff, 0xff, 0xff, 0xff, 0xff, 0xff, 0xff,
    0xff, 0xff, 0xff, 0xff, 0xff, 0xff, 0xff, 0xff, 0xff, 0xff, 0xff, 0xff, 0xff, 0xff, 0xff, 0xff, 0xff, 0xfe, 0x5f,
    0xdf, 0xff, 0xfe, 0xfe, 0xed, 0xff, 0xfe, 0xcf, 0xb5, 0x56, 0xe7, 0xff, 0xff, 0xff, 0xff, 0xff, 0xff, 0xff, 0xff,
    0xff, 0xff, 0xff, 0xff, 0xff, 0xff, 0xff, 0xff, 0xff, 0xff, 0xff, 0xff, 0xff, 0xff, 0xff, 0xff, 0xff, 0xff, 0xff,
    0xff, 0xff, 0xff, 0xff, 0xff, 0xff, 0xff, 0xff, 0xff, 0xff, 0xff, 0xaf, 0xff, 0xff, 0xdb, 0xef, 0xff, 0xfb, 0x6e,
    0x30, 0xff, 0x6d, 0xb1, 0xff, 0xff, 0xff, 0xff, 0xff, 0xff, 0xff, 0xff, 0xff, 0xff, 0xff, 0xff, 0xff, 0xff, 0xff,
    0xff, 0xff, 0xff, 0xff, 0xff, 0xff, 0xff, 0xff, 0xff, 0xff, 0xff, 0xff, 0xff, 0xff, 0xff, 0xff, 0xff, 0xff, 0xff,
    0xff, 0xff, 0xff, 0xff, 0x93, 0xff, 0xdd, 0xff, 0xff, 0xff, 0x6f, 0xfb, 0xdf, 0x55, 0xb6, 0xcf, 0xff, 0xff, 0xff,
    0xff, 0xff, 0xff, 0xff, 0xff, 0xff, 0xff, 0xff, 0xff, 0xff, 0xff, 0xff, 0xff, 0xff, 0xff, 0xff, 0xff, 0xff, 0xff,
    0xff, 0xff, 0xff, 0xff, 0xff, 0xff, 0xff, 0xff, 0xff, 0xff, 0xff, 0xff, 0xff, 0xff, 0xff, 0xff, 0xe0, 0x5f, 0xff,
    0x55, 0x35, 0x6d, 0xfd, 0x5f, 0x7b, 0xee, 0xdb, 0x8f, 0xff, 0xff, 0xff, 0xff, 0xff, 0xff, 0xff, 0xff, 0xff, 0xff,
    0xff, 0xff, 0xff, 0xff, 0xff, 0xff, 0xff, 0xff, 0xff, 0xff, 0xff, 0xff, 0xff, 0xff, 0xff, 0xff, 0xff, 0xff, 0xff,
    0xff, 0xff, 0xff, 0xff, 0xff, 0xff, 0xff, 0xff, 0xff, 0xf2, 0x00, 0xac, 0xab, 0xd7, 0xbf, 0xdb, 0xf5, 0xdd, 0x5b,
    0x6e, 0x9f, 0xff, 0xff, 0xff, 0xff, 0xff, 0xff, 0xff, 0xff, 0xff, 0xff, 0xff, 0xff, 0xff, 0xff, 0xff, 0xff, 0xff,
    0xff, 0xff, 0xff, 0xff, 0xff, 0xff, 0xff, 0xff, 0xff, 0xff, 0xff, 0xff, 0xff, 0xff, 0xff, 0xff, 0xff, 0xff, 0xff,
    0xff, 0xff, 0xf9, 0x2a, 0x43, 0x5f, 0xfe, 0xf7, 0xff, 0xbf, 0x6f, 0xb5, 0xb4, 0x3f, 0xff, 0xff, 0xff, 0xff, 0xff,
    0xff, 0xff, 0xff, 0xff, 0xff, 0xff, 0xff, 0xff, 0xff, 0xff, 0xff, 0xff, 0xff, 0xff, 0xff, 0xff, 0xff, 0xff, 0xff,
    0xff, 0xff, 0xff, 0xff, 0xff, 0xff, 0xff, 0xff, 0xff, 0xff, 0xff, 0xff, 0xff, 0xff, 0xff, 0xf7, 0xff, 0xff, 0xff,
    0xfe, 0xdd, 0xeb, 0xf5, 0x6e, 0xda, 0xff, 0xff, 0xff, 0xff, 0xff, 0xff, 0xff, 0xff, 0xff, 0xff, 0xff, 0xff, 0xff,
    0xff, 0xff, 0xff, 0xff, 0xff, 0xff, 0xff, 0xff, 0xff, 0xff, 0xff, 0xff, 0xff, 0xff, 0xff, 0xff, 0xff, 0xff, 0xff,
    0xff, 0xff, 0xff, 0xff, 0xff, 0xff, 0xff, 0xff, 0xff, 0xff, 0xff, 0xff, 0xfa, 0xb7, 0x7e, 0xbd, 0xf7, 0x68, 0xff,
    0xff, 0xff, 0xff, 0xff, 0xff, 0xff, 0xff, 0xff, 0xff, 0xff, 0xff, 0xff, 0xff, 0xff, 0xff, 0xff, 0xff, 0xff, 0xff,
    0xff, 0xff, 0xff, 0xff, 0xff, 0xff, 0xff, 0xff, 0xff, 0xff, 0xff, 0xff, 0xff, 0xff, 0xff, 0xff, 0xff, 0xff, 0xff,
    0xff, 0xff, 0xff, 0xff, 0xf7, 0xee, 0x2b, 0xab, 0xd7, 0x5c, 0x97, 0xdf, 0xff, 0xff, 0xff, 0xff, 0xff, 0xff, 0xff,
    0xff, 0xff, 0xff, 0xff, 0xff, 0xff, 0xff, 0xff, 0xff, 0xff, 0xff, 0xff, 0xff, 0xff, 0xff, 0xff, 0xff, 0xff, 0xff,
    0xff, 0xff, 0xff, 0xff, 0xff, 0xff, 0xff, 0xff, 0xff, 0xff, 0xff, 0xff, 0xff, 0xff, 0xff, 0xff, 0xff, 0xbf, 0xc1,
    0xd0, 0x42, 0x92, 0x1f, 0xff, 0xff, 0xff, 0xff, 0xff, 0xff, 0xff, 0xff, 0xff, 0xff, 0xff, 0xff, 0xff, 0xff, 0xff,
    0xff, 0xff, 0xff, 0xff, 0xff, 0xff, 0xff, 0xff, 0xff, 0xff, 0xff, 0xff, 0xff, 0xff, 0xff, 0xff, 0xff, 0xff, 0xff,
    0xff, 0xff, 0xff, 0xff, 0xff, 0xff, 0xff, 0xff, 0xff, 0xff, 0xff, 0xf4, 0x7e, 0x15, 0x6d, 0xff, 0xff, 0xff, 0xff,
    0xff, 0xff, 0xff, 0xff, 0xff, 0xff, 0xff, 0xff, 0xff, 0xff, 0xff, 0xff, 0xff, 0xff, 0xff, 0xff, 0xff, 0xff, 0xff,
    0xff, 0xff, 0xff, 0xff, 0xff, 0xff, 0xff, 0xff, 0xff, 0xff, 0xff, 0xff, 0xff, 0xff, 0xff, 0xff, 0xff, 0xff, 0xff,
    0xff, 0xff, 0xff, 0xff, 0xff, 0xef, 0xff, 0xff, 0xff, 0xff, 0xff, 0xff, 0xff, 0xff, 0xff, 0xff, 0xff, 0xff, 0xff,
    0xff, 0xff, 0xff, 0xff, 0xff, 0xff, 0xff, 0xff, 0xff, 0xff, 0xff, 0xff, 0xff, 0xff, 0xff, 0xff, 0xff, 0xff, 0xff,
    0xff, 0xff, 0xff, 0xff, 0xff, 0xff, 0xff, 0xff, 0xff, 0xff, 0xff, 0xff, 0xff, 0xff, 0xff, 0xff, 0xff, 0xff, 0xf6,
    0xdf, 0xff, 0xff, 0xff, 0xff, 0xff, 0xff, 0xff, 0xff, 0xff, 0xff, 0xff, 0xff, 0xff, 0xff, 0xff, 0xff, 0xff, 0xff,
    0xff, 0xff, 0xff, 0xff, 0xff, 0xff, 0xff, 0xff, 0xff, 0xff, 0xff, 0xff, 0xff, 0xff, 0xff, 0xff, 0xff, 0xff, 0xff,
    0xff, 0xff, 0xff, 0xff, 0xff, 0xff, 0xff, 0xff, 0xff, 0xff, 0xff, 0xdf, 0xff, 0xff, 0xff, 0xff, 0xff, 0xff, 0xff,
    0xff, 0xff, 0xff, 0xff, 0xff, 0xff, 0xff, 0xff, 0xff, 0xff, 0xff, 0xff, 0xff, 0xff, 0xff, 0xff, 0xff, 0xff, 0xff,
    0xff, 0xff, 0xff, 0xff, 0xff, 0xff, 0xff, 0xff, 0xff, 0xff, 0xff, 0xff, 0xff, 0xff, 0xff, 0xff, 0xff, 0xff, 0xff,
    0xff, 0xff, 0xff, 0xff, 0x7f, 0xff, 0xff, 0xff, 0xff, 0xff, 0xff, 0xff, 0xff, 0xff, 0xff, 0xff, 0xff, 0xff, 0xff,
    0xff, 0xff, 0xff, 0xff, 0xff, 0xff, 0xff, 0xff, 0xff, 0xff, 0xff, 0xff, 0xff, 0xff, 0xff, 0xff, 0xff, 0xff, 0xff,
    0xff, 0xff, 0xff, 0xff, 0xff, 0xff, 0xff, 0xff, 0xff, 0xff, 0xff, 0xff, 0xff, 0xff, 0xff, 0xff, 0xff, 0xff, 0xff,
    0xff, 0xff, 0xff, 0xff, 0xff, 0xff, 0xff, 0xff, 0xff};
